name,NSE_code,BSE_code,sector,industry,revenue,operating_expenses,operating_profit,operating_profit_margin,depreciation,interest,profit_before_tax,tax,net_profit,EPS,profit_TTM,EPS_TTM
3M India Ltd.,3MINDIA,523395,GENERAL INDUSTRIALS,INDUSTRIAL MACHINERY,1057.0,847.4,192.1,18.48,12.9,0.7,195.9,49.8,146.1,129.7,535.9,475.7
ACC Ltd.,ACC,500410,CEMENT AND CONSTRUCTION,CEMENT & CEMENT PRODUCTS,4644.8,3885.4,549.3,12.39,212.8,28.9,517.7,131.5,387.9,20.7,1202.7,64.0
AIA Engineering Ltd.,AIAENG,532683,GENERAL INDUSTRIALS,OTHER INDUSTRIAL GOODS,1357.1,912.7,382.1,29.51,24.5,7.4,412.5,88.4,323.1,34.3,1216.1,128.9
APL Apollo Tubes Ltd.,APLAPOLLO,533758,METALS & MINING,IRON & STEEL PRODUCTS,465.0,4305.4,325.0,7.02,41.3,26.6,276.7,73.8,202.9,7.3,767.5,27.7
Au Small Finance Bank Ltd.,AUBANK,540611,BANKING AND FINANCE,BANKS,2956.5,1026.7,647.7,25.59,0.0,1282.1,533.4,131.5,401.8,6.0,1606.2,24.0
Adani Ports & Special Economic Zone Ltd.,ADANIPORTS,532921,TRANSPORTATION,MARINE PORT & SERVICES,6951.9,2982.4,3664.0,55.13,974.5,520.1,2474.9,759.0,1747.8,8.1,6337.0,29.3
Adani Energy Solutions Ltd.,ADANIENSOL,ASM,UTILITIES,ELECTRIC UTILITIES,3766.5,2169.3,1504.6,40.95,432.1,640.8,369.9,84.9,275.9,2.5,1315.1,11.8
Aditya Birla Fashion and Retail Ltd.,ABFRL,535755,RETAILING,DEPARTMENT STORES,3272.2,2903.6,322.9,10.01,388.8,208.4,-228.6,-28.2,-179.2,-1.9,-491.7,-5.2
Aegis Logistics Ltd.,AEGISCHEM,500003,OIL & GAS,OIL MARKETING & DISTRIBUTION,1279.3,1026.5,208.3,16.87,34.1,26.6,192.0,42.0,127.0,3.6,509.0,14.5
Ajanta Pharma Ltd.,AJANTPHARM,532331,PHARMACEUTICALS & BIOTECHNOLOGY,PHARMACEUTICALS,1049.8,737.8,290.7,28.26,33.7,2.3,275.9,80.6,195.3,15.5,660.2,52.3
Alembic Pharmaceuticals Ltd.,APLLTD,533573,PHARMACEUTICALS & BIOTECHNOLOGY,PHARMACEUTICALS,1605.1,1386.7,208.2,13.06,67.6,15.7,135.1,-1.9,136.6,7.0,531.7,27.0
Alkem Laboratories Ltd.,ALKEM,539523,PHARMACEUTICALS & BIOTECHNOLOGY,PHARMACEUTICALS,3503.4,2693.4,746.7,21.71,73.9,30.3,648.0,33.1,620.5,51.9,1432.9,119.9
Amara Raja Energy & Mobility Ltd.,ARE&M,500008,AUTOMOBILES & AUTO COMPONENTS,AUTO PARTS & EQUIPMENT,2988.6,2556.9,402.5,13.6,115.7,6.2,309.8,83.5,226.3,13.2,779.8,45.7
Ambuja Cements Ltd.,AMBUJACEM,500425,CEMENT AND CONSTRUCTION,CEMENT & CEMENT PRODUCTS,79.0,6122.1,1301.8,17.54,380.9,61.2,1335.7,352.5,793.0,4.0,2777.9,14.0
Apollo Hospitals Enterprise Ltd.,APOLLOHOSP,508869,DIVERSIFIED CONSUMER SERVICES,HEALTHCARE FACILITIES,4869.1,4219.4,627.5,12.95,163.4,111.3,376.9,130.2,232.9,16.2,697.5,48.5
Apollo Tyres Ltd.,APOLLOTYRE,500877,AUTOMOBILES & AUTO COMPONENTS,AUTO TYRES & RUBBER PRODUCTS,6304.9,5119.8,1159.8,18.47,360.3,132.8,679.9,205.8,474.3,7.5,1590.7,25.0
Ashok Leyland Ltd.,ASHOKLEY,500477,AUTOMOBILES & AUTO COMPONENTS,COMMERCIAL VEHICLES,11463.0,9558.6,1870.4,16.37,226.6,715.1,924.4,358.0,526.0,1.8,2141.5,7.3
Asian Paints Ltd.,ASIANPAINT,500820,DIVERSIFIED CONSUMER SERVICES,FURNITURE-FURNISHING-PAINTS,8643.8,6762.3,1716.2,20.24,208.7,50.9,1621.8,418.6,1205.4,12.6,5062.6,52.8
Astral Ltd.,ASTRAL,532830,GENERAL INDUSTRIALS,PLASTIC PRODUCTS,1376.4,1142.9,220.1,16.15,48.7,8.0,176.8,45.1,131.2,4.9,549.7,20.4
Atul Ltd.,ATUL,500027,CHEMICALS & PETROCHEMICALS,SPECIALTY CHEMICALS,1215.8,1038.5,155.2,13.0,54.0,1.9,121.5,32.5,90.3,30.6,392.3,132.9
Aurobindo Pharma Ltd.,AUROPHARMA,524804,PHARMACEUTICALS & BIOTECHNOLOGY,PHARMACEUTICALS,7406.4,5846.0,1373.4,19.02,417.5,68.2,1074.7,323.7,757.2,12.8,2325.5,39.7
Avanti Feeds Ltd.,AVANTIFEED,512573,FOOD BEVERAGES & TOBACCO,OTHER FOOD PRODUCTS,1312.0,1184.5,94.0,7.35,14.3,0.2,113.0,30.5,74.2,5.5,336.4,24.7
Avenue Supermarts Ltd.,DMART,540376,RETAILING,DEPARTMENT STORES,12661.3,11619.4,1005.0,7.96,174.4,15.6,851.9,228.6,623.6,9.6,2332.1,35.8
Axis Bank Ltd.,AXISBANK,532215,BANKING AND FINANCE,BANKS,33122.2,9207.3,9166.0,33.43,0.0,14749.0,8313.8,2096.1,6204.1,20.1,13121.0,42.6
Bajaj Auto Ltd.,BAJAJ-AUTO,532977,AUTOMOBILES & AUTO COMPONENTS,2/3 WHEELERS,11206.8,8708.1,2130.1,19.65,91.8,6.5,2400.4,564.0,202.0,71.4,6841.6,241.8
Bajaj Finance Ltd.,BAJFINANCE,500034,BANKING AND FINANCE,FINANCE (INCLUDING NBFCS),13381.8,2851.5,9449.7,70.63,158.5,4537.1,4757.6,1207.0,3550.8,58.7,13118.5,216.7
Bajaj Finserv Ltd.,BAJAJFINSV,532978,DIVERSIFIED,HOLDING COMPANIES,26022.7,14992.2,9949.9,38.24,208.8,4449.1,5292.0,1536.5,1929.0,12.1,7422.6,46.6
Bajaj Holdings & Investment Ltd.,BAJAJHLDNG,500490,DIVERSIFIED,HOLDING COMPANIES,240.1,33.5,191.2,85.08,8.4,0.2,197.9,73.9,1491.2,134.0,5545.1,498.3
Balkrishna Industries Ltd.,BALKRISIND,502355,AUTOMOBILES & AUTO COMPONENTS,AUTO TYRES & RUBBER PRODUCTS,2360.3,1720.5,532.7,23.64,160.4,23.9,455.5,108.1,347.4,18.0,1047.5,54.2
Balrampur Chini Mills Ltd.,BALRAMCHIN,500038,FOOD BEVERAGES & TOBACCO,SUGAR,1649.0,1374.6,164.9,10.71,41.2,17.2,215.9,56.6,166.3,8.2,540.5,26.8
Bank of Baroda,BANKBARODA,532134,BANKING AND FINANCE,BANKS,35766.0,8430.4,9807.9,33.52,0.0,17527.7,6022.8,1679.7,4458.4,8.5,18602.9,35.9
Bank of India,BANKINDIA,532149,BANKING AND FINANCE,BANKS,16779.4,3704.9,3818.8,25.35,0.0,9255.7,2977.4,1488.6,1498.5,3.6,5388.7,13.1
Bata India Ltd.,BATAINDIA,500043,RETAILING,FOOTWEAR,834.6,637.5,181.7,22.18,81.7,28.4,46.1,12.1,34.0,2.6,289.7,22.5
Berger Paints (India) Ltd.,BERGEPAINT,509480,DIVERSIFIED CONSUMER SERVICES,FURNITURE-FURNISHING-PAINTS,2782.6,2293.7,473.6,17.12,82.9,21.1,385.0,96.7,291.6,2.5,1032.6,8.9
Bharat Electronics Ltd.,BEL,500049,GENERAL INDUSTRIALS,DEFENCE,4146.1,2994.9,1014.2,25.3,108.3,1.5,1041.5,260.7,789.4,1.1,3323.0,4.5
Bharat Forge Ltd.,BHARATFORG,500493,GENERAL INDUSTRIALS,OTHER INDUSTRIAL PRODUCTS,3826.7,3152.8,621.4,16.47,211.3,124.3,336.1,121.8,227.2,4.9,783.7,16.8
Bharat Heavy Electricals Ltd.,BHEL,500103,GENERAL INDUSTRIALS,HEAVY ELECTRICAL EQUIPMENT,5305.4,5513.0,-387.7,-7.56,59.9,180.4,-447.9,-197.9,-238.1,-0.7,71.3,0.2
Bharat Petroleum Corporation Ltd.,BPCL,500547,OIL & GAS,REFINERIES/PETRO-PRODUCTS,10372.0,90103.9,12940.5,12.56,1605.3,973.2,10755.7,2812.2,8243.5,38.7,27505.3,129.2
Bharti Airtel Ltd.,BHARTIARTL,532454,TELECOM SERVICES,TELECOM SERVICES,37374.2,17530.1,19513.7,52.68,9734.3,5185.8,3353.7,1846.5,1340.7,2.4,7547.0,13.2
Indus Towers Ltd.,INDUSTOWER,534816,TELECOM SERVICES,OTHER TELECOM SERVICES,7229.7,3498.8,3633.7,50.95,1525.6,458.6,1746.7,452.0,1294.7,4.8,3333.5,12.4
Biocon Ltd.,BIOCON,532523,PHARMACEUTICALS & BIOTECHNOLOGY,BIOTECHNOLOGY,3620.2,2720.7,741.6,21.42,389.3,247.7,238.5,41.6,125.6,1.1,498.4,4.2
Birla Corporation Ltd.,BIRLACORPN,500335,CEMENT AND CONSTRUCTION,CEMENT & CEMENT PRODUCTS,2313.2,1997.0,288.9,12.64,143.5,95.4,77.1,18.8,58.4,7.6,153.1,19.9
Blue Dart Express Ltd.,BLUEDART,526612,TRANSPORTATION,TRANSPORTATION - LOGISTICS,1329.7,1101.8,222.7,16.82,110.6,19.5,97.9,24.8,73.1,30.8,292.4,123.2
Blue Star Ltd.,BLUESTARCO,500067,CONSUMER DURABLES,CONSUMER ELECTRONICS,1903.4,1767.7,122.7,6.49,23.0,17.6,95.0,24.3,70.7,3.6,437.7,21.3
Bombay Burmah Trading Corporation Ltd.,BBTC,501425,FOOD BEVERAGES & TOBACCO,TEA & COFFEE,4643.5,3664.7,859.2,18.99,74.7,154.6,697.1,212.6,122.0,17.5,-1499.5,-214.8
Bosch Ltd.,BOSCHLTD,500530,AUTOMOBILES & AUTO COMPONENTS,AUTO PARTS & EQUIPMENT,4284.3,3638.8,491.3,11.9,101.3,12.2,1317.0,318.1,999.8,339.0,2126.9,721.0
Brigade Enterprises Ltd.,BRIGADE,532929,REALTY,REALTY,1407.9,1041.8,324.8,23.77,75.7,110.0,180.3,67.8,133.5,5.8,298.2,12.9
Britannia Industries Ltd.,BRITANNIA,500825,FMCG,PACKAGED FOODS,4485.2,3560.5,872.4,19.68,71.7,53.4,799.7,212.1,587.6,24.4,2536.2,105.3
CCL Products India Ltd.,CCL,519600,FOOD BEVERAGES & TOBACCO,TEA & COFFEE,608.3,497.7,109.9,18.09,22.6,18.4,69.7,8.8,60.9,4.6,279.9,21.0
Crisil Ltd.,CRISIL,500092,BANKING AND FINANCE,OTHER FINANCIAL SERVICES,771.8,544.2,191.7,26.05,26.5,0.8,200.3,48.3,152.0,20.8,606.3,82.9
Zydus Lifesciences Ltd.,ZYDUSLIFE,532321,PHARMACEUTICALS & BIOTECHNOLOGY,PHARMACEUTICALS,4422.8,3222.7,1146.1,26.23,184.2,8.7,1007.2,226.4,800.7,7.9,2807.1,27.7
Can Fin Homes Ltd.,CANFINHOME,511196,BANKING AND FINANCE,HOUSING FINANCE,871.0,49.7,749.2,86.01,2.8,548.4,198.0,39.9,158.1,11.9,658.8,49.5
Canara Bank,CANBK,532483,BANKING AND FINANCE,BANKS,33891.2,8250.3,7706.6,28.24,0.0,17934.3,5098.0,1420.6,386.0,20.9,13968.4,77.0
Carborundum Universal Ltd.,CARBORUNIV,513375,GENERAL INDUSTRIALS,OTHER INDUSTRIAL PRODUCTS,1166.0,978.8,167.5,14.61,45.9,4.9,136.4,43.7,101.9,5.4,461.3,24.3
Castrol India Ltd.,CASTROLIND,500870,OIL & GAS,OIL MARKETING & DISTRIBUTION,1203.2,914.4,268.6,22.7,22.9,2.4,263.5,69.1,194.4,2.0,815.5,8.2
Ceat Ltd.,CEATLTD,500878,AUTOMOBILES & AUTO COMPONENTS,AUTO TYRES & RUBBER PRODUCTS,3063.8,2597.2,456.1,14.94,124.5,71.7,270.4,68.3,208.0,51.4,521.7,129.0
Central Bank of India,CENTRALBK,532885,BANKING AND FINANCE,BANKS,8438.5,2565.4,1535.4,20.81,0.0,4337.7,567.2,-41.5,622.0,0.7,2181.4,2.5
Century Plyboards (India) Ltd.,CENTURYPLY,532548,FOREST MATERIALS,FOREST PRODUCTS,1011.4,852.5,144.3,14.47,23.4,6.1,129.4,32.2,96.9,4.4,380.7,17.1
Cera Sanitaryware Ltd.,CERA,532443,DIVERSIFIED CONSUMER SERVICES,FURNITURE-FURNISHING-PAINTS,476.2,387.2,76.5,16.49,8.9,1.4,77.2,19.8,56.9,43.8,232.4,178.7
Chambal Fertilisers & Chemicals Ltd.,CHAMBLFERT,500085,FERTILIZERS,FERTILIZERS,5467.3,4770.5,615.0,11.42,78.4,45.8,572.6,200.2,381.0,9.2,1137.7,27.3
Cholamandalam Investment & Finance Company Ltd.,CHOLAFIN,511243,BANKING AND FINANCE,FINANCE (INCLUDING NBFCS),4695.2,987.6,3235.1,69.99,38.5,2204.2,1065.0,288.8,772.9,9.4,3022.8,36.7
Cipla Ltd.,CIPLA,500087,PHARMACEUTICALS & BIOTECHNOLOGY,PHARMACEUTICALS,6854.5,4944.4,1733.8,25.96,290.0,25.8,1594.2,438.4,1130.9,14.0,3449.1,42.7
City Union Bank Ltd.,CUB,532210,BANKING AND FINANCE,BANKS,1486.1,333.9,386.6,29.65,0.0,765.6,330.6,50.0,280.6,3.8,943.8,12.7
Coal India Ltd.,COALINDIA,533278,METALS & MINING,COAL,34760.3,24639.4,8137.0,24.83,1178.2,182.5,8760.2,2036.5,6799.8,11.0,28059.6,45.5
Colgate-Palmolive (India) Ltd.,COLPAL,500830,FMCG,PERSONAL PRODUCTS,1492.1,989.0,482.1,32.77,44.3,1.1,457.8,117.8,340.1,12.5,1173.2,43.1
Container Corporation of India Ltd.,CONCOR,531344,COMMERCIAL SERVICES & SUPPLIES,WAREHOUSING AND LOGISTICS,2299.8,1648.4,546.5,24.9,153.1,16.5,481.8,119.0,367.4,6.0,1186.2,19.5
Coromandel International Ltd.,COROMANDEL,506395,FERTILIZERS,FERTILIZERS,7032.9,5929.4,1058.7,15.15,54.0,46.2,1003.3,245.0,756.9,25.7,2024.2,68.8
Crompton Greaves Consumer Electricals Ltd.,CROMPTON,539876,CONSUMER DURABLES,HOUSEHOLD APPLIANCES,1797.2,1607.8,174.5,9.79,32.1,21.5,135.8,34.9,97.2,1.5,432.0,6.7
Cummins India Ltd.,CUMMINSIND,500480,GENERAL INDUSTRIALS,INDUSTRIAL MACHINERY,2011.3,1575.4,346.2,18.02,38.3,6.8,390.9,99.6,329.1,11.9,1445.5,52.1
Cyient Ltd.,CYIENT,532175,SOFTWARE & SERVICES,IT CONSULTING & SOFTWARE,1792.0,1452.7,325.8,18.32,65.8,27.0,240.3,56.7,178.3,16.3,665.6,60.1
DCM Shriram Ltd.,DCMSHRIRAM,523367,CHEMICALS & PETROCHEMICALS,SPECIALTY CHEMICALS,273.0,2593.9,114.1,4.21,74.0,14.7,47.5,15.2,32.2,2.1,617.6,39.4
DLF Ltd.,DLF,532868,REALTY,REALTY,1476.4,885.3,462.4,34.31,37.0,90.2,464.0,112.2,622.8,2.5,2239.0,9.0
Dabur India Ltd.,DABUR,500096,FMCG,PERSONAL PRODUCTS,3320.2,2543.0,660.9,20.63,98.3,28.1,650.8,144.3,515.0,2.9,1755.7,9.9
Delta Corp Ltd.,DELTACORP,532848,COMMERCIAL SERVICES & SUPPLIES,MISC. COMMERCIAL SERVICES,282.6,170.5,100.1,36.99,16.9,2.7,92.4,23.0,69.4,2.6,273.3,10.2
Divi's Laboratories Ltd.,DIVISLAB,532488,PHARMACEUTICALS & BIOTECHNOLOGY,PHARMACEUTICALS,1995.0,143.0,479.0,25.09,95.0,1.0,469.0,121.0,348.0,13.1,1331.8,50.3
Dr. Lal Pathlabs Ltd.,LALPATHLAB,539524,DIVERSIFIED CONSUMER SERVICES,HEALTHCARE SERVICES,619.4,423.5,177.8,29.57,35.9,7.8,152.2,41.5,109.3,13.2,301.4,36.1
Dr. Reddy's Laboratories Ltd.,DRREDDY,500124,PHARMACEUTICALS & BIOTECHNOLOGY,PHARMACEUTICALS,7217.6,4888.8,2008.3,29.09,375.5,35.3,1912.5,434.5,1482.2,89.1,5091.2,305.2
EID Parry (India) Ltd.,EIDPARRY,500125,FOOD BEVERAGES & TOBACCO,OTHER FOOD PRODUCTS,9210.3,8002.0,1057.5,11.67,101.2,74.2,1032.8,246.8,452.3,25.5,991.0,55.8
Eicher Motors Ltd.,EICHERMOT,505200,AUTOMOBILES & AUTO COMPONENTS,2/3 WHEELERS,4388.3,3027.4,1087.2,26.42,142.5,12.7,1205.7,291.1,1016.2,37.1,3581.0,130.8
Emami Ltd.,EMAMILTD,531162,FMCG,PERSONAL PRODUCTS,876.0,631.2,233.7,27.02,46.1,2.2,196.4,15.8,178.5,4.1,697.8,16.0
Endurance Technologies Ltd.,ENDURANCE,540153,AUTOMOBILES & AUTO COMPONENTS,AUTO PARTS & EQUIPMENT,2560.5,2226.7,318.3,12.51,118.4,9.8,205.6,51.1,154.6,11.0,562.8,40.0
Engineers India Ltd.,ENGINERSIN,532178,COMMERCIAL SERVICES & SUPPLIES,CONSULTING SERVICES,833.6,691.3,98.5,12.47,8.3,0.4,133.6,32.2,127.5,2.3,472.7,8.4
Escorts Kubota Ltd.,ESCORTS,500495,AUTOMOBILES & AUTO COMPONENTS,COMMERCIAL VEHICLES,2154.4,1798.6,260.7,12.66,40.8,3.1,311.9,79.7,223.3,20.6,910.5,82.4
Exide Industries Ltd.,EXIDEIND,500086,AUTOMOBILES & AUTO COMPONENTS,AUTO PARTS & EQUIPMENT,4408.9,3872.4,499.1,11.42,141.5,29.7,365.3,95.2,269.4,3.2,872.7,10.3
Federal Bank Ltd.,FEDERALBNK,500469,BANKING AND FINANCE,BANKS,6548.2,1603.8,1400.3,24.18,0.0,3544.1,1342.7,342.6,994.1,4.3,3671.4,15.6
Finolex Cables Ltd.,FINCABLES,500144,CONSUMER DURABLES,OTHER ELECTRICAL EQUIPMENT/PRODUCTS,1229.3,1041.3,146.1,12.3,10.8,0.4,176.7,52.3,154.2,10.1,643.9,42.1
Finolex Industries Ltd.,FINPIPE,500940,GENERAL INDUSTRIALS,PLASTIC PRODUCTS,944.5,780.2,103.0,11.66,27.4,12.5,124.5,35.4,98.0,1.6,459.3,7.4
Firstsource Solutions Ltd.,FSL,532809,SOFTWARE & SERVICES,BPO/KPO,1556.9,1311.2,228.8,14.86,65.4,26.1,154.3,27.8,126.5,1.9,551.7,7.9
GAIL (India) Ltd.,GAIL,532155,UTILITIES,UTILITIES,33191.0,29405.5,3580.2,10.85,837.3,199.6,2748.7,696.3,2444.1,3.7,5283.8,8.0
GlaxoSmithKline Pharmaceuticals Ltd.,GLAXO,500660,PHARMACEUTICALS & BIOTECHNOLOGY,PHARMACEUTICALS,985.2,667.5,289.5,30.25,18.1,0.4,299.2,81.7,217.5,12.8,647.8,38.2
Glenmark Pharmaceuticals Ltd.,GLENMARK,532296,PHARMACEUTICALS & BIOTECHNOLOGY,PHARMACEUTICALS,3209.1,2745.1,462.3,14.41,141.5,121.5,-124.4,55.9,-81.9,-2.9,-196.3,-7.0
Godrej Consumer Products Ltd.,GODREJCP,532424,FMCG,PERSONAL PRODUCTS,3667.9,2897.8,704.2,19.55,60.9,77.3,619.4,186.6,432.8,4.2,1750.1,17.1
Godrej Industries Ltd.,GODREJIND,500164,DIVERSIFIED,DIVERSIFIED,4256.9,3672.1,265.5,6.74,89.3,333.1,162.4,75.9,87.3,2.6,880.0,26.1
Godrej Properties Ltd.,GODREJPROP,533150,REALTY,REALTY,605.1,404.7,-61.7,-17.98,7.4,48.0,145.1,38.8,66.8,2.4,662.6,23.8
Granules India Ltd.,GRANULES,532482,PHARMACEUTICALS & BIOTECHNOLOGY,PHARMACEUTICALS,1191.0,976.5,213.0,17.9,52.5,26.0,136.0,33.9,102.1,4.2,393.9,16.3
Great Eastern Shipping Company Ltd.,GESHIP,500620,TRANSPORTATION,SHIPPING,1461.5,585.6,643.4,52.35,186.7,77.1,611.9,17.3,594.7,41.6,2520.1,176.5
Gujarat Alkalies & Chemicals Ltd.,GUJALKALI,530001,CHEMICALS & PETROCHEMICALS,COMMODITY CHEMICALS,1042.3,926.1,45.2,4.65,95.2,10.8,10.2,-0.1,-18.4,-2.5,82.7,11.3
Gujarat Gas Ltd.,GUJGASLTD,539336,UTILITIES,UTILITIES,4019.3,3494.5,496.6,12.44,117.9,7.8,399.1,102.9,296.2,4.3,1254.3,18.2
Gujarat Narmada Valley Fertilizers & Chemicals Ltd.,GNFC,500670,FERTILIZERS,FERTILIZERS,2232.0,1911.0,169.0,8.12,78.0,1.0,242.0,64.0,182.0,11.7,932.0,60.1
Gujarat Pipavav Port Ltd.,GPPL,533248,TRANSPORTATION,MARINE PORT & SERVICES,270.4,102.0,150.6,59.64,28.8,2.2,141.1,53.4,92.3,1.9,341.8,7.1
Gujarat State Fertilizer & Chemicals Ltd.,GSFC,500690,FERTILIZERS,FERTILIZERS,3313.2,2881.4,237.3,7.61,45.7,1.6,387.0,78.1,308.9,7.8,1056.2,26.5
Gujarat State Petronet Ltd.,GSPL,532702,UTILITIES,UTILITIES,4455.9,3497.2,913.7,20.72,165.0,14.5,779.2,198.7,454.6,8.1,1522.0,27.0
HCL Technologies Ltd.,HCLTECH,532281,SOFTWARE & SERVICES,IT CONSULTING & SOFTWARE,27037.0,20743.0,5929.0,22.23,101.0,156.0,5128.0,1295.0,3832.0,14.2,15445.0,56.9
HDFC Bank Ltd.,HDFCBANK,500180,BANKING AND FINANCE,BANKS,107566.6,42037.6,24279.1,32.36,0.0,41249.9,20967.4,3655.0,16811.4,22.2,54474.6,71.8
Havells India Ltd.,HAVELLS,517354,CONSUMER DURABLES,OTHER ELECTRICAL EQUIPMENT/PRODUCTS,3952.8,3527.0,373.4,9.57,81.2,9.3,335.3,86.2,249.1,4.0,1177.7,18.8
Hero MotoCorp Ltd.,HEROMOTOCO,500182,AUTOMOBILES & AUTO COMPONENTS,2/3 WHEELERS,9741.2,8173.5,1359.5,14.26,187.1,25.0,1355.6,353.1,1006.3,50.3,3247.6,162.5
HFCL Ltd.,HFCL,500183,TELECOMMUNICATIONS EQUIPMENT,TELECOM CABLES,1128.7,978.9,132.6,11.93,21.4,34.8,93.5,24.0,69.4,0.5,305.5,2.1
Hindalco Industries Ltd.,HINDALCO,500440,METALS & MINING,ALUMINIUM AND ALUMINIUM PRODUCTS,54632.0,48557.0,5612.0,10.36,1843.0,1034.0,3231.0,1035.0,2196.0,9.9,8423.0,37.9
Hindustan Copper Ltd.,HINDCOPPER,513599,METALS & MINING,COPPER,392.6,260.2,121.2,31.77,45.6,4.1,82.6,21.9,60.7,0.6,320.5,3.3
Hindustan Petroleum Corporation Ltd.,HINDPETRO,500104,OIL & GAS,REFINERIES/PETRO-PRODUCTS,96093.4,87512.0,824.0,8.61,1247.3,590.0,6744.1,1616.0,5827.0,41.1,16645.0,117.3
Hindustan Unilever Ltd.,HINDUNILVR,500696,FMCG,PERSONAL PRODUCTS,15806.0,11826.0,3797.0,24.3,297.0,88.0,359.0,931.0,2656.0,11.3,10284.0,43.8
Hindustan Zinc Ltd.,HINDZINC,500188,METALS & MINING,ZINC,7014.0,3652.0,3139.0,46.22,825.0,232.0,2305.0,576.0,1729.0,4.1,8432.0,20.0
Housing and Urban Development Corporation Ltd.,HUDCO,540530,BANKING AND FINANCE,HOUSING FINANCE,1880.8,82.7,1809.6,97.04,2.4,1216.8,606.4,154.7,451.6,2.3,1790.7,8.9
ITC Ltd.,ITC,500875,FOOD BEVERAGES & TOBACCO,CIGARETTES-TOBACCO PRODUCTS,18439.3,11320.2,6454.2,36.31,453.0,9.9,6656.2,1700.3,4898.1,3.9,20185.1,16.2
ICICI Bank Ltd.,ICICIBANK,532174,BANKING AND FINANCE,BANKS,57292.3,23911.0,15473.2,39.74,0.0,17908.0,14824.2,3808.8,11805.6,15.6,41086.8,58.7
ICICI Prudential Life Insurance Company Ltd.,ICICIPRULI,540133,BANKING AND FINANCE,LIFE INSURANCE,17958.1,17612.3,-229.6,-1.32,0.0,0.0,340.2,32.5,243.9,1.7,906.9,6.3
IDBI Bank Ltd.,IDBI,500116,BANKING AND FINANCE,BANKS,7063.7,1922.3,2175.3,36.02,0.0,2966.1,2396.9,1003.7,1385.4,1.3,4776.3,4.4
IDFC First Bank Ltd.,IDFCFIRSTB,539437,BANKING AND FINANCE,BANKS,8765.8,3849.0,1511.2,20.54,0.0,3405.6,982.8,236.0,746.9,1.1,2911.1,4.3
IDFC Ltd.,IDFC,532659,BANKING AND FINANCE,FINANCE (INCLUDING NBFCS),36.7,6.0,30.6,83.56,0.0,0.0,30.6,6.6,223.5,1.4,4147.1,25.9
IRB Infrastructure Developers Ltd.,IRB,532947,CEMENT AND CONSTRUCTION,ROADS & HIGHWAYS,1874.5,950.4,794.6,45.54,232.7,434.6,256.9,85.8,95.7,0.2,501.0,0.8
ITI Ltd.,ITI,523610,TELECOMMUNICATIONS EQUIPMENT,TELECOM EQUIPMENT,256.1,299.3,-52.8,-21.42,13.3,69.3,-125.8,0.0,-126.0,-1.3,-388.4,-4.0
Vodafone Idea Ltd.,IDEA,532822,TELECOM SERVICES,TELECOM SERVICES,10750.8,6433.5,4282.8,39.97,5667.3,6569.0,-7919.0,817.7,-8737.9,-1.8,-30986.8,-6.4
India Cements Ltd.,INDIACEM,530005,CEMENT AND CONSTRUCTION,CEMENT & CEMENT PRODUCTS,1272.4,126.0,4.4,0.35,55.0,60.4,-103.0,-17.4,-80.1,-2.6,-261.1,-8.4
Indiabulls Housing Finance Ltd.,IBULHSGFIN,535789,BANKING AND FINANCE,HOUSING FINANCE,2242.3,190.6,1779.2,79.88,22.9,1349.8,421.6,123.6,298.0,6.5,1146.0,24.3
Indian Bank,INDIANB,532814,BANKING AND FINANCE,BANKS,15929.4,3599.1,4327.7,31.44,0.0,8002.6,2776.7,768.6,2068.5,16.6,6893.3,55.3
Indian Hotels Company Ltd.,INDHOTEL,500850,HOTELS RESTAURANTS & TOURISM,HOTELS,1480.9,1078.4,354.8,24.75,111.2,59.0,232.2,72.3,166.9,1.2,1100.3,7.7
Indian Oil Corporation Ltd.,IOC,530965,OIL & GAS,OIL MARKETING & DISTRIBUTION,179752.1,156013.1,23328.4,13.01,3609.6,2135.0,18090.2,4699.7,13114.3,9.5,38614.3,27.3
Indian Overseas Bank,IOB,532388,BANKING AND FINANCE,BANKS,6941.5,1785.1,1679.8,28.84,0.0,3476.6,635.5,8.3,627.2,0.3,2341.9,1.2
Indraprastha Gas Ltd.,IGL,532514,UTILITIES,UTILITIES,3520.2,2801.6,656.9,18.99,102.2,2.5,613.9,151.4,552.7,7.9,1806.2,25.8
IndusInd Bank Ltd.,INDUSINDBK,532187,BANKING AND FINANCE,BANKS,13529.7,3449.9,3908.7,34.75,0.0,6171.1,2934.9,732.9,2202.2,28.4,8333.7,107.2
Info Edge (India) Ltd.,NAUKRI,532777,SOFTWARE & SERVICES,INTERNET SOFTWARE & SERVICES,792.0,421.2,204.7,32.7,25.9,8.2,382.8,68.7,205.1,15.9,-25.6,-2.0
InterGlobe Aviation Ltd.,INDIGO,539448,TRANSPORTATION,AIRLINES,15502.9,12743.6,2200.3,14.72,1549.0,1021.3,189.1,0.2,188.9,4.9,5621.3,145.7
Ipca Laboratories Ltd.,IPCALAB,524494,PHARMACEUTICALS & BIOTECHNOLOGY,PHARMACEUTICALS,2072.5,1712.7,321.3,15.8,90.3,44.1,225.4,87.9,145.1,5.7,492.2,19.4
J B Chemicals & Pharmaceuticals Ltd.,JBCHEPHARM,506943,PHARMACEUTICALS & BIOTECHNOLOGY,PHARMACEUTICALS,889.4,638.2,243.5,27.62,32.2,10.4,208.7,58.1,150.6,9.7,486.6,31.4
JK Cement Ltd.,JKCEMENT,532644,CEMENT AND CONSTRUCTION,CEMENT & CEMENT PRODUCTS,2782.1,2285.8,467.0,16.96,137.1,115.0,244.2,65.7,178.1,23.1,444.0,57.5
JK Lakshmi Cement Ltd.,JKLAKSHMI,500380,CEMENT AND CONSTRUCTION,CEMENT & CEMENT PRODUCTS,1588.5,1357.3,217.3,13.8,56.6,33.6,141.0,45.1,92.7,7.9,357.6,30.4
JM Financial Ltd.,JMFINANCIL,523405,DIVERSIFIED,HOLDING COMPANIES,1214.0,407.9,662.6,55.34,13.2,388.1,277.9,72.4,194.9,2.0,608.1,6.4
JSW Energy Ltd.,JSWENERGY,533148,UTILITIES,ELECTRIC UTILITIES,3387.4,1379.0,1880.4,57.69,408.7,513.7,1085.9,235.1,850.2,5.2,1591.7,9.7
JSW Steel Ltd.,JSWSTEEL,500228,METALS & MINING,IRON & STEEL/INTERM.PRODUCTS,44821.0,36698.0,7886.0,17.69,2019.0,2084.0,4609.0,1812.0,276.0,11.4,9252.0,38.1
Jindal Stainless Ltd.,JSL,532508,METALS & MINING,IRON & STEEL/INTERM.PRODUCTS,9829.0,8566.5,1230.6,12.56,221.9,155.6,985.7,229.1,774.3,9.4,2600.2,31.6
Jindal Steel & Power Ltd.,JINDALSTEL,532286,METALS & MINING,IRON & STEEL/INTERM.PRODUCTS,12282.0,9964.5,2285.7,18.66,603.7,329.4,1384.5,-5.8,1387.8,13.8,4056.0,40.4
Jubilant Foodworks Ltd.,JUBLFOOD,533155,HOTELS RESTAURANTS & TOURISM,RESTAURANTS,1375.7,1091.4,277.2,20.25,141.9,56.8,85.5,23.3,97.2,1.5,235.0,3.6
Just Dial Ltd.,JUSTDIAL,535648,SOFTWARE & SERVICES,INTERNET SOFTWARE & SERVICES,318.5,211.8,48.8,18.71,12.2,2.4,92.1,20.3,71.8,8.4,314.1,36.9
Jyothy Labs Ltd.,JYOTHYLAB,532926,FMCG,PERSONAL PRODUCTS,745.6,597.0,135.4,18.48,12.3,1.2,135.1,31.1,104.2,2.8,326.9,8.9
KRBL Ltd.,KRBL,530813,FMCG,PACKAGED FOODS,1246.5,1018.9,194.5,16.03,19.9,0.8,206.8,53.6,153.3,6.5,671.4,29.3
Kajaria Ceramics Ltd.,KAJARIACER,500233,DIVERSIFIED CONSUMER SERVICES,FURNITURE-FURNISHING-PAINTS,1129.9,941.9,179.7,16.02,36.1,4.3,147.7,36.6,108.0,6.8,397.8,25.0
Kalpataru Projects International Ltd.,KPIL,522287,UTILITIES,ELECTRIC UTILITIES,453.0,4148.0,370.0,8.19,113.0,137.0,132.0,42.0,89.0,5.5,478.0,29.9
Kansai Nerolac Paints Ltd.,KANSAINER,500165,DIVERSIFIED CONSUMER SERVICES,FURNITURE-FURNISHING-PAINTS,1978.6,1683.3,273.2,13.97,47.4,7.6,240.3,64.8,177.2,2.2,1118.8,13.8
Karur Vysya Bank Ltd.,KARURVYSYA,590003,BANKING AND FINANCE,BANKS,2336.0,616.4,637.9,31.94,0.0,1081.7,511.5,133.1,378.4,4.7,1364.2,17.0
KEC International Ltd.,KEC,532714,GENERAL INDUSTRIALS,HEAVY ELECTRICAL EQUIPMENT,4514.9,4224.7,274.3,6.1,46.5,177.8,65.8,9.9,55.8,2.2,187.9,7.3
Kotak Mahindra Bank Ltd.,KOTAKBANK,500247,BANKING AND FINANCE,BANKS,21559.5,9681.0,6343.0,46.24,0.0,5535.5,5888.3,1465.5,4461.0,22.4,17172.7,86.4
L&T Finance Holdings Ltd.,L&TFH,533519,DIVERSIFIED,HOLDING COMPANIES,3482.1,935.3,1882.4,58.57,28.3,1324.9,797.4,203.2,595.1,2.4,2080.8,8.4
L&T Technology Services Ltd.,LTTS,540115,SOFTWARE & SERVICES,IT CONSULTING & SOFTWARE,2427.7,1910.9,475.6,19.93,68.1,12.6,436.1,120.2,315.4,29.8,1239.7,117.5
LIC Housing Finance Ltd.,LICHSGFIN,500253,BANKING AND FINANCE,HOUSING FINANCE,6765.9,250.6,6095.7,90.1,13.2,4599.9,1483.0,291.2,1193.5,21.7,4164.5,75.7
Lakshmi Machine Works Ltd.,LAXMIMACH,500252,GENERAL INDUSTRIALS,INDUSTRIAL MACHINERY,1355.5,1184.5,136.0,10.3,23.6,0.0,147.4,32.3,115.1,107.8,416.0,389.5
Laurus Labs Ltd.,LAURUSLABS,540222,PHARMACEUTICALS & BIOTECHNOLOGY,PHARMACEUTICALS,1226.2,1036.6,187.9,15.34,93.4,42.4,53.9,14.6,37.0,0.7,367.8,6.8
Lupin Ltd.,LUPIN,500257,PHARMACEUTICALS & BIOTECHNOLOGY,PHARMACEUTICALS,5079.0,4120.8,917.8,18.21,247.8,80.6,629.7,134.3,489.5,10.8,1331.2,29.2
MMTC Ltd.,MMTC,513377,COMMERCIAL SERVICES & SUPPLIES,COMMODITY TRADING  & DISTRIBUTION,-167.2,-180.1,-30.4,14.42,0.8,1.1,12.1,1.5,52.0,0.3,174.1,1.2
MRF Ltd.,MRF,500290,AUTOMOBILES & AUTO COMPONENTS,AUTO TYRES & RUBBER PRODUCTS,6287.8,5060.2,1156.9,18.61,351.5,85.5,790.6,203.9,586.7,1383.3,1690.9,3988.0
Mahanagar Gas Ltd.,MGL,539957,UTILITIES,UTILITIES,1772.7,1250.1,478.9,27.7,65.8,2.5,454.3,115.8,338.5,34.3,1147.8,116.2
Mahindra & Mahindra Financial Services Ltd.,M&MFIN,532720,BANKING AND FINANCE,FINANCE (INCLUDING NBFCS),3863.5,1077.5,2109.3,55.03,67.1,1703.4,369.1,96.0,281.1,2.3,1982.5,16.0
Mahindra & Mahindra Ltd.,M&M,500520,AUTOMOBILES & AUTO COMPONENTS,CARS & UTILITY VEHICLES,35027.2,28705.9,5729.6,16.64,1138.6,1835.2,3347.5,1083.7,2347.8,21.1,11169.4,100.2
Mahindra Holidays & Resorts India Ltd.,MHRIL,533088,HOTELS RESTAURANTS & TOURISM,HOTELS,672.2,519.3,136.0,20.76,83.8,33.3,35.8,14.0,21.3,1.1,66.0,3.3
Manappuram Finance Ltd.,MANAPPURAM,531213,BANKING AND FINANCE,FINANCE (INCLUDING NBFCS),2174.0,555.6,1481.3,68.68,62.5,689.4,746.7,186.1,558.4,6.6,1859.8,22.0
Mangalore Refinery And Petrochemicals Ltd.,MRPL,500109,OIL & GAS,REFINERIES/PETRO-PRODUCTS,22904.7,20705.6,2138.2,9.36,296.0,311.2,1592.0,546.2,1051.7,6.0,3784.9,21.6
Marico Ltd.,MARICO,531642,FMCG,PERSONAL PRODUCTS,2514.0,1979.0,497.0,20.07,39.0,20.0,476.0,116.0,353.0,2.7,141.0,10.9
Maruti Suzuki India Ltd.,MARUTI,532500,AUTOMOBILES & AUTO COMPONENTS,CARS & UTILITY VEHICLES,37902.1,32282.5,4790.3,12.92,794.4,35.1,4790.1,1083.8,3764.3,124.6,11351.8,375.9
Max Financial Services Ltd.,MFSL,500271,BANKING AND FINANCE,LIFE INSURANCE,10189.1,10024.6,143.9,1.42,0.8,9.4,158.2,-12.1,147.9,4.3,506.4,14.7
UNO Minda Ltd.,UNOMINDA,532539,AUTOMOBILES & AUTO COMPONENTS,AUTO PARTS & EQUIPMENT,3630.2,3219.8,401.6,11.09,125.4,27.2,257.9,73.3,225.0,3.9,742.4,13.0
Motilal Oswal Financial Services Ltd.,MOTILALOFS,532892,BANKING AND FINANCE,OTHER FINANCIAL SERVICES,1650.7,724.1,904.5,55.18,17.3,241.1,657.6,124.2,531.2,35.9,1449.3,97.8
MphasiS Ltd.,MPHASIS,526299,SOFTWARE & SERVICES,IT CONSULTING & SOFTWARE,3325.5,2680.9,595.6,18.18,89.0,34.0,521.7,129.7,391.9,20.8,1605.6,85.1
Muthoot Finance Ltd.,MUTHOOTFIN,533398,BANKING AND FINANCE,FINANCE (INCLUDING NBFCS),3631.9,723.4,2801.6,77.69,22.2,1335.0,1470.2,374.9,1059.6,26.4,3982.9,99.2
Natco Pharma Ltd.,NATCOPHARM,524816,PHARMACEUTICALS & BIOTECHNOLOGY,PHARMACEUTICALS,1060.8,573.4,458.0,44.41,43.6,4.2,439.6,70.6,369.0,20.6,1127.4,63.0
NBCC (India) Ltd.,NBCC,534309,CEMENT AND CONSTRUCTION,CONSTRUCTION & ENGINEERING,2129.1,1957.7,95.5,4.65,1.3,0.0,104.6,22.9,79.6,0.4,332.2,1.8
NCC Ltd.,NCC,500294,CEMENT AND CONSTRUCTION,CONSTRUCTION & ENGINEERING,4746.4,4415.9,303.7,6.44,53.2,153.5,123.8,38.8,77.3,1.2,599.4,9.5
NHPC Ltd.,NHPC,533098,UTILITIES,ELECTRIC UTILITIES,3113.8,1173.9,1757.4,59.95,294.9,104.8,1618.3,-75.0,1545.8,1.5,3897.8,3.9
Coforge Ltd.,COFORGE,532541,SOFTWARE & SERVICES,IT CONSULTING & SOFTWARE,2285.1,1935.3,340.9,14.98,77.2,31.9,240.7,52.8,187.9,29.6,696.2,113.2
NLC India Ltd.,NLCINDIA,513683,UTILITIES,ELECTRIC UTILITIES,3234.0,2143.0,834.6,28.03,455.1,213.9,1700.6,614.7,1084.7,7.8,1912.3,13.8
NTPC Ltd.,NTPC,532555,UTILITIES,ELECTRIC UTILITIES,45384.6,32303.2,12680.2,28.19,4037.7,2920.5,6342.9,2019.7,4614.6,4.8,19125.2,19.7
Narayana Hrudayalaya Ltd.,NH,539551,DIVERSIFIED CONSUMER SERVICES,HEALTHCARE FACILITIES,1323.6,997.1,308.1,23.61,55.3,22.9,248.4,21.7,226.6,11.2,737.5,36.1
National Aluminium Company Ltd.,NATIONALUM,532234,METALS & MINING,ALUMINIUM AND ALUMINIUM PRODUCTS,3112.0,2646.9,396.5,13.03,186.2,4.0,275.0,68.7,187.3,1.0,1272.4,6.9
Navin Fluorine International Ltd.,NAVINFLUOR,532504,CHEMICALS & PETROCHEMICALS,COMMODITY CHEMICALS,494.9,373.4,98.3,20.84,24.2,20.0,77.2,16.6,60.6,12.2,365.0,73.7
Oberoi Realty Ltd.,OBEROIRLTY,533273,REALTY,REALTY,1243.8,579.2,638.2,52.42,11.3,56.5,596.8,142.1,456.8,12.6,1961.3,53.9
Oil And Natural Gas Corporation Ltd.,ONGC,500312,OIL & GAS,EXPLORATION & PRODUCTION,149388.5,118618.4,28255.3,19.24,6698.1,2603.3,21564.9,5633.6,13734.1,10.9,43072.5,34.2
Oil India Ltd.,OIL,533106,OIL & GAS,EXPLORATION & PRODUCTION,9200.1,5293.3,3523.2,39.96,499.0,278.9,762.0,67.6,420.7,3.9,5874.5,54.2
Oracle Financial Services Software Ltd.,OFSS,532466,SOFTWARE & SERVICES,IT CONSULTING & SOFTWARE,1509.6,886.4,558.1,38.64,19.0,8.0,596.2,178.8,417.4,48.2,1835.1,211.9
PI Industries Ltd.,PIIND,523642,CHEMICALS & PETROCHEMICALS,AGROCHEMICALS,2163.8,1565.5,551.4,26.05,80.3,7.8,510.2,31.7,480.5,31.7,1495.8,98.4
PNB Housing Finance Ltd.,PNBHOUSING,540173,BANKING AND FINANCE,HOUSING FINANCE,1779.4,158.8,1574.1,88.54,11.3,1057.3,507.1,124.1,383.0,14.8,1278.7,49.3
PNC Infratech Ltd.,PNCINFRA,539150,CEMENT AND CONSTRUCTION,ROADS & HIGHWAYS,1932.4,1511.6,399.8,20.92,40.9,161.3,218.6,70.7,147.9,5.8,614.3,23.9
PVR INOX Ltd.,PVRINOX,532689,RETAILING,SPECIALTY RETAIL,2023.7,1293.1,706.8,35.34,308.6,200.3,221.7,55.5,166.3,17.0,-232.5,-23.7
Page Industries Ltd.,PAGEIND,532827,TEXTILES APPARELS & ACCESSORIES,OTHER APPARELS & ACCESSORIES,1126.8,891.6,233.5,20.76,24.6,11.2,199.4,49.1,150.3,134.7,510.7,457.9
Persistent Systems Ltd.,PERSISTENT,533179,SOFTWARE & SERVICES,IT CONSULTING & SOFTWARE,2449.0,2006.5,405.2,16.8,74.4,12.3,355.8,92.5,263.3,35.0,981.5,127.6
Petronet LNG Ltd.,PETRONET,532522,OIL & GAS,OIL MARKETING & DISTRIBUTION,12686.2,11317.9,1214.7,9.69,194.8,74.7,1098.8,283.9,855.7,5.7,3490.3,23.3
Pfizer Ltd.,PFIZER,500680,PHARMACEUTICALS & BIOTECHNOLOGY,PHARMACEUTICALS,611.3,392.6,182.6,31.75,15.4,2.7,200.5,51.6,149.0,32.6,522.8,114.3
Phoenix Mills Ltd.,PHOENIXLTD,503100,REALTY,REALTY,906.6,361.2,506.0,57.82,65.9,96.5,375.2,71.4,252.6,14.2,923.6,51.7
Pidilite Industries Ltd.,PIDILITIND,500331,CHEMICALS & PETROCHEMICALS,SPECIALTY CHEMICALS,3107.6,2396.3,679.7,22.1,75.2,13.1,623.0,163.1,450.1,8.8,1505.5,29.6
Power Finance Corporation Ltd.,PFC,532810,BANKING AND FINANCE,FINANCE (INCLUDING NBFCS),22403.7,315.4,22941.9,102.46,12.7,14313.1,8628.8,2000.6,4833.1,14.7,17946.4,54.4
Power Grid Corporation of India Ltd.,POWERGRID,532898,UTILITIES,ELECTRIC UTILITIES,11530.4,1358.7,9908.4,87.94,3277.0,2341.3,4393.4,573.7,3781.4,4.1,15344.4,16.5
Prestige Estates Projects Ltd.,PRESTIGE,ASM,REALTY,REALTY,3256.0,1643.9,592.5,26.49,174.1,263.9,1174.1,256.4,850.9,21.2,1714.0,42.8
Prism Johnson Ltd.,PRSMJOHNSN,500338,CEMENT AND CONSTRUCTION,CEMENT & CEMENT PRODUCTS,1846.0,1745.4,92.4,5.03,95.2,43.5,210.0,30.4,182.7,3.6,154.2,3.1
Procter & Gamble Hygiene & Healthcare Ltd.,PGHH,500459,FMCG,PERSONAL PRODUCTS,1154.1,853.5,284.9,25.03,14.3,1.9,284.5,73.8,210.7,64.9,734.4,226.3
Punjab National Bank,PNB,532461,BANKING AND FINANCE,BANKS,29857.0,6798.1,6239.1,23.23,0.0,16819.8,2778.3,1013.8,1990.2,1.8,5904.8,5.4
Quess Corp Ltd.,QUESS,539978,SOFTWARE & SERVICES,BPO/KPO,4763.5,4584.8,163.6,3.44,69.7,28.1,79.3,8.3,71.9,4.8,240.9,16.2
RBL Bank Ltd.,RBLBANK,540065,BANKING AND FINANCE,BANKS,3720.6,1422.6,765.4,25.45,0.0,1532.6,125.0,-206.1,331.1,5.5,1173.9,19.5
Radico Khaitan Ltd.,RADICO,532497,FOOD BEVERAGES & TOBACCO,BREWERIES & DISTILLERIES,925.7,803.8,121.2,13.1,26.1,12.5,83.3,21.4,64.8,4.8,237.0,17.7
Rain Industries Ltd.,RAIN,500339,CHEMICALS & PETROCHEMICALS,PETROCHEMICALS,4208.9,3794.3,366.0,8.8,192.5,241.7,-19.5,46.2,-90.2,-2.7,270.4,8.0
Rajesh Exports Ltd.,RAJESHEXPO,531500,TEXTILES APPARELS & ACCESSORIES,GEMS & JEWELLERY,38079.4,38015.8,50.1,0.13,10.7,0.0,53.0,7.7,45.3,1.5,1142.2,38.7
Rallis India Ltd.,RALLIS,500355,CHEMICALS & PETROCHEMICALS,AGROCHEMICALS,837.0,699.0,133.0,15.99,26.0,3.0,110.0,28.0,82.0,4.2,98.4,5.2
Rashtriya Chemicals & Fertilizers Ltd.,RCF,524230,FERTILIZERS,FERTILIZERS,4222.1,4049.3,105.9,2.55,56.1,44.0,72.8,21.1,51.0,0.9,523.6,9.5
Redington Ltd.,REDINGTON,532805,COMMERCIAL SERVICES & SUPPLIES,COMMODITY TRADING  & DISTRIBUTION,22296.6,21738.7,481.4,2.17,43.7,105.8,408.3,96.7,303.5,3.9,1242.0,15.9
Relaxo Footwears Ltd.,RELAXO,530517,RETAILING,FOOTWEAR,725.9,623.8,91.5,12.79,36.9,4.7,60.4,16.2,44.2,1.8,193.9,7.8
Reliance Industries Ltd.,RELIANCE,500325,OIL & GAS,REFINERIES/PETRO-PRODUCTS,238797.0,193988.0,40968.0,17.44,12585.0,5731.0,26493.0,6673.0,17394.0,25.7,68496.0,101.2
REC Ltd.,RECLTD,532955,BANKING AND FINANCE,FINANCE (INCLUDING NBFCS),11701.3,275.1,12180.5,104.21,6.1,7349.8,4837.6,1047.7,3789.9,14.4,12738.6,48.4
SJVN Ltd.,SJVN,533206,UTILITIES,ELECTRIC UTILITIES,951.6,172.2,706.2,80.4,101.9,124.2,567.7,129.2,439.6,1.1,1016.0,2.6
SKF India Ltd.,SKFINDIA,500472,GENERAL INDUSTRIALS,OTHER INDUSTRIAL GOODS,1145.5,1003.7,121.5,10.8,19.3,0.5,122.0,31.7,90.0,18.2,484.0,97.9
SRF Ltd.,SRF,503806,CHEMICALS & PETROCHEMICALS,SPECIALTY CHEMICALS,3206.5,2551.2,626.2,19.71,161.2,79.3,414.8,114.0,300.8,10.2,1733.4,58.5
Sanofi India Ltd.,SANOFI,500674,PHARMACEUTICALS & BIOTECHNOLOGY,PHARMACEUTICALS,726.4,506.1,208.5,29.17,9.9,0.3,210.1,57.9,152.1,66.1,596.3,259.3
Schaeffler India Ltd.,SCHAEFFLER,505790,AUTOMOBILES & AUTO COMPONENTS,AUTO PARTS & EQUIPMENT,1879.2,1506.3,342.0,18.5,55.6,1.6,315.7,80.7,235.0,15.0,922.6,59.0
Shree Cements Ltd.,SHREECEM,500387,CEMENT AND CONSTRUCTION,CEMENT & CEMENT PRODUCTS,4932.1,3914.1,886.0,18.46,411.7,67.0,539.2,92.6,446.6,123.8,1826.8,506.3
Shriram Finance Ltd.,SHRIRAMFIN,511218,BANKING AND FINANCE,FINANCE (INCLUDING NBFCS),8893.0,1409.4,6334.3,71.3,141.4,3798.0,2404.2,614.9,1786.1,47.6,6575.4,175.2
Siemens Ltd.,SIEMENS,500550,GENERAL INDUSTRIALS,HEAVY ELECTRICAL EQUIPMENT,5953.2,5107.5,700.2,12.06,78.6,4.9,762.2,190.5,571.3,16.1,1960.9,55.1
Sobha Ltd.,SOBHA,532784,REALTY,REALTY,773.6,665.8,75.4,10.18,19.3,63.9,24.7,9.7,14.9,1.6,107.4,11.3
Solar Industries India Ltd.,SOLARINDS,532725,GENERAL INDUSTRIALS,OTHER INDUSTRIAL PRODUCTS,1355.2,1011.3,336.1,24.95,33.7,24.9,285.3,75.5,200.1,22.1,808.2,89.3
Sonata Software Ltd.,SONATSOFTW,532221,SOFTWARE & SERVICES,IT CONSULTING & SOFTWARE,1935.8,1715.2,197.3,10.32,33.3,20.7,166.5,42.3,124.2,9.0,475.7,34.3
State Bank of India,SBIN,500112,BANKING AND FINANCE,BANKS,144256.1,58597.6,22703.3,21.14,0.0,62955.2,21935.7,5552.5,17196.2,18.0,69304.1,77.7
Steel Authority of India (SAIL) Ltd.,SAIL,500113,METALS & MINING,IRON & STEEL/INTERM.PRODUCTS,29858.2,25836.7,3875.4,13.04,1326.6,605.2,1674.7,464.2,1305.6,3.2,3219.5,7.8
Sun Pharma Advanced Research Company Ltd.,SPARC,532872,PHARMACEUTICALS & BIOTECHNOLOGY,PHARMACEUTICALS,29.7,112.7,-91.5,-431.87,3.2,0.3,-86.4,0.0,-86.4,-2.7,-253.6,-7.8
Sun Pharmaceutical Industries Ltd.,SUNPHARMA,524715,PHARMACEUTICALS & BIOTECHNOLOGY,PHARMACEUTICALS,12486.0,9013.0,3179.4,26.08,632.8,49.3,2790.9,390.1,2375.5,9.9,8548.5,35.6
Sun TV Network Ltd.,SUNTV,532733,MEDIA,BROADCASTING & CABLE TV,1160.2,320.6,727.8,69.42,218.8,1.7,619.1,154.4,464.7,11.8,1861.8,47.2
Sundram Fasteners Ltd.,SUNDRMFAST,500403,AUTOMOBILES & AUTO COMPONENTS,AUTO PARTS & EQUIPMENT,1429.1,1191.1,230.7,16.23,54.5,7.4,176.2,43.1,131.9,6.3,502.9,23.9
Sunteck Realty Ltd.,SUNTECK,512179,REALTY,REALTY,36.2,39.1,-14.1,-56.7,2.2,15.8,-20.9,-6.4,-13.9,-1.0,-46.5,-3.3
Supreme Industries Ltd.,SUPREMEIND,509930,GENERAL INDUSTRIALS,PLASTIC PRODUCTS,2321.4,1952.5,356.2,15.43,71.9,1.6,295.4,76.3,243.2,19.1,1028.2,80.9
Suzlon Energy Ltd.,SUZLON,ASM,GENERAL INDUSTRIALS,HEAVY ELECTRICAL EQUIPMENT,1428.7,1196.4,225.0,15.83,51.2,43.7,102.4,0.1,102.3,0.1,561.4,0.4
Syngene International Ltd.,SYNGENE,539268,PHARMACEUTICALS & BIOTECHNOLOGY,PHARMACEUTICALS,931.7,656.0,254.1,27.92,104.6,13.0,150.7,34.2,116.5,2.9,498.3,12.4
TTK Prestige Ltd.,TTKPRESTIG,517506,CONSUMER DURABLES,HOUSEWARE,747.2,648.6,80.8,11.08,15.9,3.1,79.5,20.5,59.3,4.3,224.3,16.2
TV18 Broadcast Ltd.,TV18BRDCST,532800,MEDIA,BROADCASTING & CABLE TV,1989.0,1992.2,-198.1,-11.04,50.1,33.8,-87.1,-6.5,-28.9,-0.2,92.2,0.5
TVS Motor Company Ltd.,TVSMOTOR,532343,AUTOMOBILES & AUTO COMPONENTS,2/3 WHEELERS,9983.8,8576.9,1355.9,13.65,237.1,483.3,686.4,259.8,386.3,8.1,1457.6,30.7
Tata Consultancy Services Ltd.,TCS,532540,SOFTWARE & SERVICES,IT CONSULTING & SOFTWARE,60698.0,43946.0,15746.0,26.38,1263.0,159.0,1533.0,395.0,11342.0,31.0,44654.0,122.0
Tata Elxsi Ltd.,TATAELXSI,500408,SOFTWARE & SERVICES,IT CONSULTING & SOFTWARE,912.8,618.2,263.5,29.89,25.0,5.8,263.9,63.8,200.0,32.1,785.1,126.1
Tata Consumer Products Ltd.,TATACONSUM,500800,FMCG,PACKAGED FOODS,3823.6,3196.7,537.1,14.38,93.9,27.6,490.9,131.7,338.2,3.6,1275.2,13.7
Tata Motors Limited (DVR),TATAMTRDVR,570001,AUTOMOBILES & AUTO COMPONENTS,COMMERCIAL VEHICLES,,,,,,,,,,,,
Tata Motors Ltd.,TATAMOTORS,500570,AUTOMOBILES & AUTO COMPONENTS,COMMERCIAL VEHICLES,106759.0,91361.3,13766.9,13.1,6636.4,2651.7,5985.9,2202.8,3764.0,9.8,15332.3,40.0
Tata Power Company Ltd.,TATAPOWER,500400,UTILITIES,ELECTRIC UTILITIES,16029.5,12647.0,3091.0,19.64,925.9,1181.8,979.2,213.3,875.5,2.7,3570.8,11.2
Tata Steel Ltd.,TATASTEEL,500470,METALS & MINING,IRON & STEEL/INTERM.PRODUCTS,55910.2,51414.1,4267.8,7.66,2479.8,1959.4,-6842.1,-228.0,-6196.2,-5.1,-6081.3,-5.0
Tech Mahindra Ltd.,TECHM,532755,SOFTWARE & SERVICES,IT CONSULTING & SOFTWARE,13128.1,11941.1,922.8,7.17,465.7,97.5,623.8,110.0,493.9,5.6,3600.7,40.9
The Ramco Cements Ltd.,RAMCOCEM,500260,CEMENT AND CONSTRUCTION,CEMENT & CEMENT PRODUCTS,2352.1,1935.0,405.6,17.33,162.8,116.5,137.8,37.0,72.0,3.1,348.9,14.8
Thermax Ltd.,THERMAX,500411,GENERAL INDUSTRIALS,HEAVY ELECTRICAL EQUIPMENT,2368.3,2097.8,204.6,8.89,33.0,19.8,217.7,58.9,157.7,14.0,498.8,44.3
Timken India Ltd.,TIMKEN,522113,GENERAL INDUSTRIALS,OTHER INDUSTRIAL PRODUCTS,692.1,546.5,135.5,19.87,21.1,0.9,123.6,30.6,93.0,12.4,358.3,47.6
Titan Company Ltd.,TITAN,500114,TEXTILES APPARELS & ACCESSORIES,GEMS & JEWELLERY,12653.0,11118.0,1411.0,11.26,144.0,140.0,1251.0,336.0,915.0,10.3,3302.0,37.1
Torrent Pharmaceuticals Ltd.,TORNTPHARM,500420,PHARMACEUTICALS & BIOTECHNOLOGY,PHARMACEUTICALS,2686.0,1835.0,825.0,31.02,201.0,91.0,559.0,173.0,386.0,11.4,1334.0,39.4
Torrent Power Ltd.,TORNTPOWER,532779,UTILITIES,ELECTRIC UTILITIES,7069.1,5739.5,1221.4,17.55,341.7,247.2,740.7,198.1,525.9,10.9,2176.8,45.3
Trent Ltd.,TRENT,500251,RETAILING,DEPARTMENT STORES,3062.5,2525.8,456.6,15.31,152.2,95.5,288.9,86.3,234.7,6.6,629.4,17.7
Trident Ltd.,TRIDENT,521064,TEXTILES APPARELS & ACCESSORIES,TEXTILES,1812.0,1557.3,240.3,13.37,89.4,35.0,130.4,40.1,90.7,0.2,458.1,0.9
UPL Ltd.,UPL,512070,CHEMICALS & PETROCHEMICALS,AGROCHEMICALS,10275.0,8807.0,1325.0,13.03,657.0,871.0,-185.0,-96.0,-189.0,-2.5,1856.0,24.7
UltraTech Cement Ltd.,ULTRACEMCO,532538,CEMENT AND CONSTRUCTION,CEMENT & CEMENT PRODUCTS,16179.3,13461.2,2550.9,15.93,797.8,233.9,1686.2,409.4,1281.5,44.5,5694.1,197.2
Union Bank of India,UNIONBANK,532477,BANKING AND FINANCE,BANKS,28952.5,6189.3,7265.0,29.38,0.0,15498.2,5492.3,1944.0,3571.8,5.1,11918.9,16.1
United Breweries Ltd.,UBL,532478,FOOD BEVERAGES & TOBACCO,BREWERIES & DISTILLERIES,1902.1,1705.8,184.3,9.75,50.9,1.4,144.0,36.9,107.3,4.1,251.3,9.5
United Spirits Ltd.,MCDOWELL-N,532432,FOOD BEVERAGES & TOBACCO,BREWERIES & DISTILLERIES,6776.6,6269.8,466.7,6.93,65.3,26.2,446.0,106.3,339.3,4.8,1133.0,15.6
V-Guard Industries Ltd.,VGUARD,532953,CONSUMER DURABLES,OTHER ELECTRICAL EQUIPMENT/PRODUCTS,1147.9,1041.3,92.5,8.16,19.8,9.3,77.5,18.6,59.0,1.4,215.2,5.0
Vardhman Textiles Ltd.,VTL,502986,TEXTILES APPARELS & ACCESSORIES,TEXTILES,2487.0,2192.1,205.4,8.57,103.7,22.0,169.2,41.7,134.3,4.7,531.9,18.7
Varun Beverages Ltd.,VBL,540180,FOOD BEVERAGES & TOBACCO,NON-ALCOHOLIC BEVERAGES,3889.0,2988.4,882.1,22.79,170.8,62.5,667.3,152.9,501.1,3.9,1998.7,15.4
Vinati Organics Ltd.,VINATIORGA,524200,CHEMICALS & PETROCHEMICALS,SPECIALTY CHEMICALS,464.4,337.3,110.8,24.73,13.7,0.3,113.0,28.9,84.2,8.2,408.2,39.7
Voltas Ltd.,VOLTAS,500575,CONSUMER DURABLES,CONSUMER ELECTRONICS,2363.7,2222.5,70.3,3.06,11.7,11.4,118.1,49.3,36.7,1.1,199.5,6.0
ZF Commercial Vehicle Control Systems India Ltd.,ZFCVINDIA,533023,AUTOMOBILES & AUTO COMPONENTS,AUTO PARTS & EQUIPMENT,1015.8,846.2,145.5,14.67,27.1,1.3,141.2,35.5,105.7,55.7,392.0,206.7
Welspun Corp Ltd.,WELCORP,ASM,METALS & MINING,IRON & STEEL PRODUCTS,4161.4,3659.9,399.5,9.84,85.7,75.0,340.8,79.0,384.7,14.7,809.2,30.9
Welspun Living Ltd.,WELSPUNLIV,514162,TEXTILES APPARELS & ACCESSORIES,TEXTILES,2542.4,2151.1,358.0,14.27,98.5,33.8,258.9,58.7,196.7,2.0,526.1,5.4
Whirlpool of India Ltd.,WHIRLPOOL,500238,CONSUMER DURABLES,CONSUMER ELECTRONICS,1555.5,1448.4,73.2,4.81,49.2,5.6,52.3,14.1,36.6,2.9,198.8,15.7
Wipro Ltd.,WIPRO,507685,SOFTWARE & SERVICES,IT CONSULTING & SOFTWARE,23255.7,18543.2,3972.7,17.64,897.0,303.3,3512.2,841.9,2646.3,5.1,11643.8,22.3
Zee Entertainment Enterprises Ltd.,ZEEL,505537,MEDIA,BROADCASTING & CABLE TV,2509.6,2105.0,332.8,13.65,77.2,23.4,184.2,54.4,123.0,1.3,-102.2,-1.1
eClerx Services Ltd.,ECLERX,532927,SOFTWARE & SERVICES,BPO/KPO,735.9,517.0,204.7,28.37,30.3,6.1,182.4,46.3,136.0,28.2,506.0,105.0
Sterlite Technologies Ltd.,STLTECH,532374,TELECOMMUNICATIONS EQUIPMENT,TELECOM CABLES,1497.0,1281.0,213.0,14.26,85.0,95.0,36.0,12.0,34.0,0.9,203.0,5.1
HEG Ltd.,HEG,509631,GENERAL INDUSTRIALS,OTHER INDUSTRIAL GOODS,642.2,512.3,101.9,16.58,38.5,8.5,82.9,21.7,96.0,24.9,439.5,113.9
SBI Life Insurance Company Ltd.,SBILIFE,540719,BANKING AND FINANCE,LIFE INSURANCE,28816.2,28183.8,609.9,2.12,0.0,0.0,621.5,43.9,380.2,3.8,1842.2,18.4
General Insurance Corporation of India,GICRE,540755,BANKING AND FINANCE,GENERAL INSURANCE,13465.9,11574.0,1464.6,11.2,0.0,0.0,1855.4,243.7,1689.0,15.2,6628.0,37.8
Tube Investments of India Ltd.,TIINDIA,540762,AUTOMOBILES & AUTO COMPONENTS,AUTO PARTS & EQUIPMENT,2005.4,1718.2,251.4,12.76,34.6,7.7,244.8,63.4,181.4,9.4,717.5,37.1
Honeywell Automation India Ltd.,HONAUT,517174,CONSUMER DURABLES,OTHER ELECTRICAL EQUIPMENT/PRODUCTS,1144.3,965.9,138.3,12.52,13.8,0.7,163.9,42.0,121.9,137.8,443.4,503.9
Indian Energy Exchange Ltd.,IEX,540750,BANKING AND FINANCE,EXCHANGE,133.0,16.6,92.0,84.73,5.1,0.7,110.6,27.9,86.5,1.0,327.8,3.7
ICICI Lombard General Insurance Company Ltd.,ICICIGI,540716,BANKING AND FINANCE,GENERAL INSURANCE,5271.1,4612.4,743.5,14.16,0.0,0.0,763.6,186.4,577.3,11.8,1757.1,35.8
Aster DM Healthcare Ltd.,ASTERDM,540975,DIVERSIFIED CONSUMER SERVICES,HEALTHCARE FACILITIES,3325.2,2939.4,377.3,11.38,227.2,101.9,2.1,10.2,-30.8,-0.6,284.3,5.7
Central Depository Services (India) Ltd.,CDSL,CDSL,OTHERS,INVESTMENT COMPANIES,230.1,77.9,129.4,62.4,6.5,0.0,145.6,35.8,108.9,10.4,320.2,30.6
Graphite India Ltd.,GRAPHITE,509488,GENERAL INDUSTRIALS,OTHER INDUSTRIAL GOODS,884.0,823.0,-30.0,-3.78,19.0,4.0,992.0,190.0,804.0,41.1,856.0,43.9
Grasim Industries Ltd.,GRASIM,500300,CEMENT AND CONSTRUCTION,CEMENT & CEMENT PRODUCTS,30505.3,25995.9,4224.8,13.98,1245.2,397.8,2866.4,837.7,1163.8,17.7,6624.9,100.6
KNR Constructions Ltd.,KNRCON,532942,CEMENT AND CONSTRUCTION,CONSTRUCTION & ENGINEERING,1043.8,806.9,231.6,22.3,39.2,20.6,177.1,34.6,147.4,5.2,537.5,19.1
Aditya Birla Capital Ltd.,ABCAPITAL,540691,DIVERSIFIED,HOLDING COMPANIES,7730.4,4550.1,2821.9,36.55,48.0,1827.0,956.8,284.1,705.0,2.7,5231.9,20.1
Dixon Technologies (India) Ltd.,DIXON,540699,CONSUMER DURABLES,CONSUMER ELECTRONICS,4943.9,4744.3,198.9,4.02,36.4,17.1,146.1,35.2,107.3,19.0,308.7,51.8
Cholamandalam Financial Holdings Ltd.,CHOLAHLDNG,504973,DIVERSIFIED,HOLDING COMPANIES,6372.2,2495.1,3404.8,54.05,52.1,2209.4,1215.8,324.6,420.9,22.4,1532.3,81.6
Cochin Shipyard Ltd.,COCHINSHIP,540678,TRANSPORTATION,MARINE PORT & SERVICES,1100.4,820.5,191.2,18.9,18.9,9.6,251.4,69.9,181.5,13.8,429.9,32.7
Bharat Dynamics Ltd.,BDL,541143,GENERAL INDUSTRIALS,DEFENCE,694.1,481.8,134.0,21.77,17.4,0.8,194.1,47.0,147.1,8.0,425.4,23.2
Lux Industries Ltd.,LUXIND,539542,TEXTILES APPARELS & ACCESSORIES,OTHER APPARELS & ACCESSORIES,643.6,584.2,55.0,8.61,5.9,5.4,48.0,12.1,37.1,12.3,103.1,32.9
Zensar Technologies Ltd.,ZENSARTECH,504067,SOFTWARE & SERVICES,IT CONSULTING & SOFTWARE,1277.1,1009.9,230.9,18.61,36.6,5.7,224.9,51.0,173.9,7.7,525.8,23.2
PCBL Ltd.,PCBL,506590,CHEMICALS & PETROCHEMICALS,CARBON BLACK,1489.4,1248.6,238.1,16.02,48.2,21.0,171.6,48.8,122.6,3.2,431.6,11.4
Zydus Wellness Ltd.,ZYDUSWELL,531335,FMCG,PACKAGED FOODS,444.0,423.1,16.8,3.82,5.8,6.5,8.6,2.7,5.9,0.9,281.2,44.2
Linde India Ltd.,LINDEINDIA,523457,GENERAL INDUSTRIALS,INDUSTRIAL GASES,729.9,537.7,173.6,24.41,49.7,1.2,141.3,34.6,108.7,12.8,417.9,49.0
FDC Ltd.,FDC,531599,PHARMACEUTICALS & BIOTECHNOLOGY,PHARMACEUTICALS,513.6,409.9,76.4,15.71,9.9,1.1,92.7,22.9,69.8,4.2,251.2,15.4
The New India Assurance Company Ltd.,NIACL,540769,BANKING AND FINANCE,GENERAL INSURANCE,10571.0,10773.4,-246.5,-2.33,0.0,0.0,-242.0,-46.7,-176.1,-1.1,947.0,5.7
Sundaram Finance Ltd.,SUNDARMFIN,590071,BANKING AND FINANCE,FINANCE (INCLUDING NBFCS),1710.6,322.5,1332.1,77.98,43.6,820.3,470.6,142.8,365.4,33.2,1506.7,135.6
TeamLease Services Ltd.,TEAMLEASE,539658,COMMERCIAL SERVICES & SUPPLIES,MISC. COMMERCIAL SERVICES,2285.6,2240.8,31.8,1.4,12.9,2.5,29.4,1.8,27.3,16.3,106.6,63.5
Galaxy Surfactants Ltd.,GALAXYSURF,540935,CHEMICALS & PETROCHEMICALS,SPECIALTY CHEMICALS,985.8,858.2,124.9,12.7,24.7,5.4,97.5,20.1,77.4,21.8,349.3,98.5
Bandhan Bank Ltd.,BANDHANBNK,541153,BANKING AND FINANCE,BANKS,5032.2,1400.2,1583.4,35.25,0.0,2048.6,947.2,226.1,721.2,4.5,2541.1,15.8
ICICI Securities Ltd.,ISEC,541179,BANKING AND FINANCE,CAPITAL MARKETS,1249.0,433.5,810.2,64.87,25.8,215.1,569.4,145.7,423.6,13.1,1238.1,38.3
V-Mart Retail Ltd.,VMART,534976,RETAILING,DEPARTMENT STORES,551.4,548.8,0.7,0.12,53.2,35.9,-86.4,-22.3,-64.1,-32.4,-103.1,-52.1
Nippon Life India Asset Management Ltd.,NAM-INDIA,540767,BANKING AND FINANCE,ASSET MANAGEMENT COS.,475.4,156.1,241.4,60.73,7.2,1.7,310.4,66.1,244.4,3.9,883.3,14.1
Grindwell Norton Ltd.,GRINDWELL,506076,GENERAL INDUSTRIALS,OTHER INDUSTRIAL PRODUCTS,690.0,536.0,131.4,19.69,16.9,1.8,135.3,33.1,101.9,9.2,378.3,34.2
HDFC Life Insurance Company Ltd.,HDFCLIFE,540777,BANKING AND FINANCE,LIFE INSURANCE,23276.6,23659.3,-508.1,-2.2,0.0,0.0,-373.1,-657.5,378.2,1.8,1472.8,6.9
Elgi Equipments Ltd.,ELGIEQUIP,522074,GENERAL INDUSTRIALS,INDUSTRIAL MACHINERY,817.8,663.4,142.7,17.71,18.7,6.6,129.2,38.8,91.3,2.9,401.9,12.7
Hindustan Aeronautics Ltd.,HAL,541154,GENERAL INDUSTRIALS,DEFENCE,6105.1,4108.1,1527.6,27.11,349.6,0.3,1647.0,414.8,1236.7,18.5,6037.3,90.3
BSE Ltd.,BSE,BSE,BANKING AND FINANCE,EXCHANGE,367.0,172.8,189.2,52.26,22.7,8.5,163.0,63.6,120.5,8.8,706.0,52.1
Rites Ltd.,RITES,541556,CEMENT AND CONSTRUCTION,CONSTRUCTION & ENGINEERING,608.8,444.5,137.8,23.67,14.1,1.4,148.8,40.1,101.2,4.2,488.1,20.3
Fortis Healthcare Ltd.,FORTIS,532843,DIVERSIFIED CONSUMER SERVICES,HEALTHCARE FACILITIES,1783.5,1439.8,330.2,18.65,84.1,31.8,231.4,48.8,173.7,2.3,547.6,7.3
Varroc Engineering Ltd.,VARROC,541578,AUTOMOBILES & AUTO COMPONENTS,AUTO PARTS & EQUIPMENT,1893.5,1692.6,194.3,10.3,84.9,50.3,65.9,18.2,54.2,3.5,146.5,9.6
Adani Green Energy Ltd.,ADANIGREEN,ASM,UTILITIES,ELECTRIC UTILITIES,2589.0,521.0,1699.0,76.53,474.0,1165.0,413.0,119.0,372.0,2.2,1305.0,8.2
VIP Industries Ltd.,VIPIND,507880,TEXTILES APPARELS & ACCESSORIES,OTHER APPARELS & ACCESSORIES,548.7,493.2,52.9,9.68,23.8,12.4,19.3,6.0,13.3,0.9,110.9,7.8
CreditAccess Grameen Ltd.,CREDITACC,541770,BANKING AND FINANCE,FINANCE (INCLUDING NBFCS),1247.6,248.8,902.3,72.36,12.3,423.9,466.8,119.7,347.0,21.8,1204.2,75.7
CESC Ltd.,CESC,500084,UTILITIES,ELECTRIC UTILITIES,4414.0,3706.0,646.0,14.84,303.0,305.0,461.0,98.0,348.0,2.6,1447.0,10.9
Jamna Auto Industries Ltd.,JAMNAAUTO,520051,AUTOMOBILES & AUTO COMPONENTS,AUTO PARTS & EQUIPMENT,608.7,528.2,79.1,13.03,10.9,0.8,68.7,18.6,50.1,2.4,189.3,4.7
Suprajit Engineering Ltd.,SUPRAJIT,532509,AUTOMOBILES & AUTO COMPONENTS,AUTO PARTS & EQUIPMENT,727.6,639.1,69.8,9.85,25.7,13.6,49.2,14.5,34.8,2.5,146.9,10.6
JK Paper Ltd.,JKPAPER,532162,COMMERCIAL SERVICES & SUPPLIES,PAPER & PAPER PRODUCTS,1708.8,1242.8,407.3,24.68,83.5,42.0,340.6,34.9,302.4,17.9,1220.6,72.1
Bank of Maharashtra,MAHABANK,532525,BANKING AND FINANCE,BANKS,5735.5,1179.4,1920.5,37.9,0.0,2635.7,935.7,16.0,919.8,1.3,3420.8,4.8
Aavas Financiers Ltd.,AAVAS,541988,BANKING AND FINANCE,HOUSING FINANCE,497.6,123.5,367.8,74.03,7.6,203.6,157.4,35.7,121.7,15.4,465.4,58.8
HDFC Asset Management Company Ltd.,HDFCAMC,541729,BANKING AND FINANCE,ASSET MANAGEMENT COS.,765.4,162.0,481.1,74.81,13.0,2.3,588.1,151.6,436.5,20.4,1659.3,77.7
KEI Industries Ltd.,KEI,517569,CONSUMER DURABLES,OTHER ELECTRICAL EQUIPMENT/PRODUCTS,1954.2,1742.7,203.9,10.47,15.6,7.5,188.4,48.2,140.2,15.5,528.3,58.5
Orient Electric Ltd.,ORIENTELEC,541301,CONSUMER DURABLES,CONSUMER ELECTRONICS,570.3,546.2,20.7,3.65,14.2,5.2,23.4,4.9,18.4,0.9,95.3,4.5
Deepak Nitrite Ltd.,DEEPAKNTR,506401,CHEMICALS & PETROCHEMICALS,COMMODITY CHEMICALS,1795.1,1475.8,302.3,17.0,39.4,2.7,277.2,72.1,205.1,15.0,797.9,58.5
Fine Organic Industries Ltd.,FINEORG,541557,CHEMICALS & PETROCHEMICALS,SPECIALTY CHEMICALS,557.6,409.4,131.1,24.25,14.4,0.7,133.1,28.9,103.4,33.7,458.8,149.6
LTIMindtree Ltd.,LTIM,540005,SOFTWARE & SERVICES,IT CONSULTING & SOFTWARE,9048.6,7274.1,1631.3,18.32,208.2,47.0,1519.3,357.0,1161.8,39.3,4427.5,149.6
Dalmia Bharat Ltd.,DALBHARAT,542216,CEMENT AND CONSTRUCTION,CEMENT & CEMENT PRODUCTS,3234.0,256.0,589.0,18.7,401.0,101.0,172.0,48.0,118.0,6.3,1041.0,54.8
Godfrey Phillips India Ltd.,GODFRYPHLP,500163,FOOD BEVERAGES & TOBACCO,CIGARETTES-TOBACCO PRODUCTS,1412.5,1151.0,223.6,16.27,36.5,6.6,218.5,55.5,202.1,38.9,802.9,154.4
Vaibhav Global Ltd.,VAIBHAVGBL,532156,TEXTILES APPARELS & ACCESSORIES,OTHER APPARELS & ACCESSORIES,708.4,641.5,63.5,9.01,22.6,2.9,41.4,12.4,29.4,1.8,121.3,7.3
Abbott India Ltd.,ABBOTINDIA,500488,PHARMACEUTICALS & BIOTECHNOLOGY,PHARMACEUTICALS,1549.7,1113.3,380.9,25.49,17.8,3.1,415.4,102.5,312.9,147.3,1081.4,508.9
Adani Total Gas Ltd.,ATGL,ASM,UTILITIES,UTILITIES,1104.8,815.7,279.9,25.55,37.6,27.3,224.2,57.2,172.7,1.6,571.0,5.2
Nestle India Ltd.,NESTLEIND,500790,FMCG,PACKAGED FOODS,5070.1,3811.9,1224.9,24.32,111.2,31.4,1222.0,313.9,908.1,94.2,2971.1,308.2
Bayer Cropscience Ltd.,BAYERCROP,506285,CHEMICALS & PETROCHEMICALS,AGROCHEMICALS,1633.3,1312.3,304.9,18.85,11.6,3.7,305.7,82.8,222.9,49.6,844.4,188.1
Amber Enterprises India Ltd.,AMBER,540902,CONSUMER DURABLES,CONSUMER ELECTRONICS,939.8,867.5,59.6,6.43,45.2,36.6,-9.5,-3.8,-6.9,-2.1,156.8,46.5
Rail Vikas Nigam Ltd.,RVNL,542649,CEMENT AND CONSTRUCTION,CONSTRUCTION & ENGINEERING,5210.3,4616.0,298.3,6.07,6.2,132.7,455.4,85.2,394.3,1.9,1478.8,7.1
Metropolis Healthcare Ltd.,METROPOLIS,542650,DIVERSIFIED CONSUMER SERVICES,HEALTHCARE SERVICES,309.7,233.7,74.8,24.25,22.2,5.7,48.1,12.5,35.5,6.9,133.4,26.0
Polycab India Ltd.,POLYCAB,542652,CONSUMER DURABLES,OTHER ELECTRICAL EQUIPMENT/PRODUCTS,4253.0,3608.8,608.9,14.44,60.3,26.8,557.2,127.4,425.6,28.4,1607.2,107.1
Multi Commodity Exchange of India Ltd.,MCX,534091,BANKING AND FINANCE,EXCHANGE,184.0,193.8,-28.7,-17.38,6.6,0.1,-16.4,1.6,-19.1,-3.7,44.8,8.8
IIFL Finance Ltd.,IIFL,532636,BANKING AND FINANCE,OTHER FINANCIAL SERVICES,2533.7,788.3,1600.8,64.66,43.3,932.1,683.5,158.0,474.3,12.4,1690.7,44.4
Ratnamani Metals & Tubes Ltd.,RATNAMANI,520111,METALS & MINING,IRON & STEEL/INTERM.PRODUCTS,1141.9,886.3,244.9,21.65,23.6,10.8,221.1,56.8,163.9,23.4,622.6,88.8
RHI Magnesita India Ltd.,RHIM,534076,GENERAL INDUSTRIALS,OTHER INDUSTRIAL GOODS,989.7,839.0,147.9,14.98,44.2,8.5,97.9,26.3,71.3,3.5,-502.2,-24.3
Birlasoft Ltd.,BSOFT,532400,SOFTWARE & SERVICES,IT CONSULTING & SOFTWARE,1325.4,1102.7,207.1,15.81,21.5,5.7,195.5,50.4,145.1,5.2,378.4,13.7
EIH Ltd.,EIHOTEL,500840,HOTELS RESTAURANTS & TOURISM,HOTELS,552.5,387.6,142.9,26.94,33.2,5.6,126.1,36.2,93.1,1.5,424.1,6.8
Affle (India) Ltd.,AFFLE,542752,SOFTWARE & SERVICES,INTERNET SOFTWARE & SERVICES,441.2,344.1,87.2,20.22,18.4,5.5,73.2,6.4,66.8,5.0,264.3,19.8
Westlife Foodworld Ltd.,WESTLIFE,505533,HOTELS RESTAURANTS & TOURISM,RESTAURANTS,618.0,516.5,98.2,15.98,43.9,27.4,30.2,7.8,22.4,1.4,107.7,6.9
IndiaMART InterMESH Ltd.,INDIAMART,542726,SOFTWARE & SERVICES,INTERNET SOFTWARE & SERVICES,329.3,214.7,80.0,27.15,8.0,2.3,104.3,23.9,69.4,11.4,321.1,53.6
Infosys Ltd.,INFY,500209,SOFTWARE & SERVICES,IT CONSULTING & SOFTWARE,39626.0,29554.0,944.0,24.21,1166.0,138.0,8768.0,2553.0,6212.0,15.0,24871.0,60.1
Sterling and Wilson Renewable Energy Ltd.,SWSOLAR,542760,COMMERCIAL SERVICES & SUPPLIES,CONSULTING SERVICES,776.7,758.0,1.5,0.19,4.3,64.3,-50.0,4.6,-54.2,-2.9,-668.4,-35.2
ABB India Ltd.,ABB,500002,GENERAL INDUSTRIALS,HEAVY ELECTRICAL EQUIPMENT,2846.0,2330.7,438.5,15.84,30.3,0.9,484.2,122.2,362.9,17.1,1208.7,57.0
Poly Medicure Ltd.,POLYMED,531768,HEALTHCARE EQUIPMENT & SUPPLIES,HEALTHCARE SUPPLIES,351.4,253.1,84.2,24.97,16.0,2.2,80.9,18.8,62.2,6.5,233.7,24.4
GMM Pfaudler Ltd.,GMMPFAUDLR,505255,GENERAL INDUSTRIALS,INDUSTRIAL MACHINERY,946.0,795.5,142.0,15.15,32.2,21.5,96.8,26.5,71.1,15.8,183.2,40.8
Gujarat Fluorochemicals Ltd.,FLUOROCHEM,542812,CHEMICALS & PETROCHEMICALS,SPECIALTY CHEMICALS,960.3,783.7,163.1,17.23,67.5,34.2,74.8,22.1,52.7,4.8,915.2,83.3
360 One Wam Ltd.,360ONE,542772,BANKING AND FINANCE,OTHER FINANCIAL SERVICES,617.1,235.6,317.8,57.31,13.7,139.9,226.8,40.8,186.0,5.2,696.8,19.5
Tata Communications Ltd.,TATACOMM,500483,TELECOM SERVICES,OTHER TELECOM SERVICES,4897.9,3857.1,1015.5,20.84,605.1,137.4,298.3,77.9,220.7,7.7,1322.3,46.4
Alkyl Amines Chemicals Ltd.,ALKYLAMINE,506767,CHEMICALS & PETROCHEMICALS,SPECIALTY CHEMICALS,354.5,303.9,48.3,13.71,12.5,1.7,36.4,9.2,27.2,5.3,171.3,33.5
CSB Bank Ltd.,CSBBANK,542867,BANKING AND FINANCE,BANKS,835.8,317.5,174.6,25.41,0.0,343.6,178.0,44.8,133.2,7.7,577.7,33.3
Indian Railway Catering & Tourism Corporation Ltd.,IRCTC,542830,DIVERSIFIED CONSUMER SERVICES,TRAVEL SUPPORT SERVICES,1042.4,628.8,366.6,36.83,14.0,4.4,395.2,100.5,294.7,3.7,1061.2,13.3
Sumitomo Chemical India Ltd.,SUMICHEM,542920,CHEMICALS & PETROCHEMICALS,AGROCHEMICALS,928.0,715.5,187.9,20.8,15.8,1.2,195.5,52.0,143.4,2.9,367.7,7.4
Century Textiles & Industries Ltd.,CENTURYTEX,500040,COMMERCIAL SERVICES & SUPPLIES,PAPER & PAPER PRODUCTS,1114.9,1069.2,33.8,3.07,59.2,17.0,-30.5,-3.3,-30.4,-2.8,117.7,10.5
SBI Cards and Payment Services Ltd.,SBICARD,543066,BANKING AND FINANCE,FINANCE (INCLUDING NBFCS),4221.4,2018.8,1327.0,32.47,46.8,604.9,809.4,206.4,603.0,6.4,2302.2,24.3
Hitachi Energy India Ltd.,POWERINDIA,543187,GENERAL INDUSTRIALS,HEAVY ELECTRICAL EQUIPMENT,1228.2,1162.6,65.3,5.32,22.5,10.7,32.4,7.6,24.7,5.8,82.5,19.5
Suven Pharmaceuticals Ltd.,SUVENPHAR,543064,PHARMACEUTICALS & BIOTECHNOLOGY,PHARMACEUTICALS,250.9,133.1,98.0,42.4,11.9,0.5,105.4,25.8,79.6,3.1,431.8,17.0
Tata Chemicals Ltd.,TATACHEM,500770,CHEMICALS & PETROCHEMICALS,COMMODITY CHEMICALS,4083.0,3179.0,819.0,20.49,234.0,145.0,627.0,120.0,428.0,16.8,206.0,80.8
Aarti Drugs Ltd.,AARTIDRUGS,524348,PHARMACEUTICALS & BIOTECHNOLOGY,PHARMACEUTICALS,642.2,565.1,76.4,11.92,12.6,8.2,56.3,16.7,39.6,4.3,180.2,19.6
Gujarat Ambuja Exports Ltd.,GAEL,524226,FMCG,EDIBLE OILS,1157.7,1012.2,103.3,9.26,30.5,5.9,109.1,26.3,82.8,3.6,305.1,13.3
Polyplex Corporation Ltd.,POLYPLEX,524051,COMMERCIAL SERVICES & SUPPLIES,CONTAINERS & PACKAGING,1595.7,1451.5,120.6,7.67,75.1,9.9,59.1,10.9,27.9,8.9,71.1,22.6
Chalet Hotels Ltd.,CHALET,542399,HOTELS RESTAURANTS & TOURISM,HOTELS,318.2,188.6,126.0,40.04,35.0,50.1,44.5,8.0,36.4,1.8,266.7,13.0
Adani Enterprises Ltd.,ADANIENT,512599,COMMERCIAL SERVICES & SUPPLIES,COMMODITY TRADING  & DISTRIBUTION,23066.0,20087.2,2430.1,10.79,757.0,1342.8,791.0,397.8,227.8,2.0,2444.3,21.4
YES Bank Ltd.,YESBANK,532648,BANKING AND FINANCE,BANKS,7980.6,2377.1,810.0,12.06,0.0,4793.6,304.4,75.7,228.6,0.1,836.6,0.3
EPL Ltd.,EPL,500135,COMMERCIAL SERVICES & SUPPLIES,CONTAINERS & PACKAGING,1011.2,820.6,181.0,18.07,83.6,30.6,76.4,25.4,50.5,1.6,251.9,7.9
Network18 Media & Investments Ltd.,NETWORK18,532798,MEDIA,BROADCASTING & CABLE TV,2052.2,2083.8,-218.3,-11.7,56.8,66.2,-154.5,-6.5,-61.0,-0.6,-144.2,-1.4
CIE Automotive India Ltd.,CIEINDIA,532756,AUTOMOBILES & AUTO COMPONENTS,AUTO PARTS & EQUIPMENT,2299.4,1934.0,345.4,15.15,78.3,31.0,256.1,69.1,375.4,9.9,298.4,7.9
Vedanta Ltd.,VEDL,500295,METALS & MINING,ALUMINIUM AND ALUMINIUM PRODUCTS,39585.0,27466.0,11479.0,29.47,2642.0,2523.0,8177.0,9092.0,-1783.0,-4.8,5202.0,14.0
Rossari Biotech Ltd.,ROSSARI,543213,CHEMICALS & PETROCHEMICALS,SPECIALTY CHEMICALS,484.8,419.9,63.6,13.15,15.1,5.0,44.8,11.9,32.9,6.0,116.8,21.2
KPIT Technologies Ltd.,KPITTECH,542651,SOFTWARE & SERVICES,IT CONSULTING & SOFTWARE,1208.6,959.2,239.9,20.01,48.1,13.6,187.7,46.3,140.9,5.2,486.9,18.0
Intellect Design Arena Ltd.,INTELLECT,538835,SOFTWARE & SERVICES,IT SOFTWARE PRODUCTS,631.7,497.2,121.9,19.69,33.7,0.8,96.5,25.7,70.4,5.2,316.6,23.2
Balaji Amines Ltd.,BALAMINES,530999,CHEMICALS & PETROCHEMICALS,SPECIALTY CHEMICALS,387.3,326.8,53.8,14.13,10.8,1.8,48.0,11.6,34.7,10.7,197.3,60.9
UTI Asset Management Company Ltd.,UTIAMC,543238,BANKING AND FINANCE,ASSET MANAGEMENT COS.,405.6,172.5,231.5,57.3,10.4,2.8,219.8,37.0,182.8,14.4,562.9,44.3
Mazagon Dock Shipbuilders Ltd.,MAZDOCK,543237,TRANSPORTATION,SHIPPING,2079.2,1651.1,176.6,9.66,20.2,1.3,406.6,102.8,332.9,16.5,1327.6,65.8
Computer Age Management Services Ltd.,CAMS,543232,BANKING AND FINANCE,CAPITAL MARKETS,284.7,153.0,122.1,44.39,17.4,2.0,112.4,28.6,84.5,17.2,309.2,62.9
Happiest Minds Technologies Ltd.,HAPPSTMNDS,543227,SOFTWARE & SERVICES,IT CONSULTING & SOFTWARE,428.8,324.0,82.6,20.32,14.6,11.2,79.1,20.7,58.5,3.9,232.0,15.6
Triveni Turbine Ltd.,TRITURBINE,533655,GENERAL INDUSTRIALS,HEAVY ELECTRICAL EQUIPMENT,402.3,313.4,74.3,19.17,5.1,0.6,83.2,19.0,64.2,2.0,233.1,7.3
Angel One Ltd.,ANGELONE,ASM,BANKING AND FINANCE,CAPITAL MARKETS,1049.3,602.6,443.4,42.31,11.2,26.4,407.2,102.7,304.5,36.3,1020.2,121.7
Tanla Platforms Ltd.,TANLA,532790,SOFTWARE & SERVICES,INTERNET SOFTWARE & SERVICES,1014.9,811.8,196.8,19.51,22.6,1.8,178.7,36.2,142.5,10.6,514.7,38.3
Max Healthcare Institute Ltd.,MAXHEALTH,543220,DIVERSIFIED CONSUMER SERVICES,HEALTHCARE FACILITIES,1408.6,975.8,387.4,28.42,57.9,8.5,366.4,89.7,276.7,2.9,990.1,10.2
Asahi India Glass Ltd.,ASAHIINDIA,515030,AUTOMOBILES & AUTO COMPONENTS,AUTO PARTS & EQUIPMENT,1122.6,934.0,185.6,16.58,43.0,34.4,111.3,30.2,86.9,3.6,343.5,14.1
Prince Pipes & Fittings Ltd.,PRINCEPIPE,542907,GENERAL INDUSTRIALS,PLASTIC PRODUCTS,660.4,562.3,94.2,14.35,22.5,0.7,92.8,22.2,70.6,5.2,219.8,19.9
Route Mobile Ltd.,ROUTE,543228,SOFTWARE & SERVICES,INTERNET SOFTWARE & SERVICES,1018.3,886.5,128.1,12.63,21.4,6.5,103.8,15.5,88.8,14.2,365.3,58.3
KPR Mill Ltd.,KPRMILL,532889,TEXTILES APPARELS & ACCESSORIES,TEXTILES,1533.0,1212.9,298.0,19.72,46.0,18.1,256.0,54.2,201.8,5.9,788.8,23.1
Infibeam Avenues Ltd.,INFIBEAM,539807,SOFTWARE & SERVICES,INTERNET SOFTWARE & SERVICES,792.6,719.7,70.2,8.89,17.1,0.5,55.2,14.7,41.0,0.1,142.2,0.5
Restaurant Brands Asia Ltd.,RBA,543248,HOTELS RESTAURANTS & TOURISM,RESTAURANTS,628.2,568.7,56.2,9.0,78.6,31.5,-50.7,0.0,-46.0,-0.9,-220.3,-4.5
Larsen & Toubro Ltd.,LT,500510,CEMENT AND CONSTRUCTION,CONSTRUCTION & ENGINEERING,52157.0,45392.1,5632.0,11.04,909.9,864.0,4991.1,1135.5,3222.6,22.9,12255.3,89.2
Gland Pharma Ltd.,GLAND,543245,PHARMACEUTICALS & BIOTECHNOLOGY,PHARMACEUTICALS,1426.6,1049.3,324.1,23.6,81.3,6.0,289.9,95.8,194.1,11.8,698.8,42.4
Macrotech Developers Ltd.,LODHA,543287,REALTY,REALTY,1755.1,1333.5,416.1,23.78,29.3,123.1,269.2,62.4,201.9,2.1,1529.2,15.9
Poonawalla Fincorp Ltd.,POONAWALLA,524000,BANKING AND FINANCE,FINANCE (INCLUDING NBFCS),745.3,178.9,531.7,71.98,14.7,215.5,1124.6,270.0,860.2,11.2,1466.4,19.1
The Fertilisers and Chemicals Travancore Ltd.,FACT,590024,FERTILIZERS,FERTILIZERS,1713.6,1530.8,132.4,7.96,5.3,61.2,105.2,0.0,105.2,1.6,508.4,7.9
Home First Finance Company India Ltd.,HOMEFIRST,543259,BANKING AND FINANCE,HOUSING FINANCE,278.0,53.7,211.6,77.43,2.8,117.0,96.4,22.1,74.3,8.4,266.2,30.2
CG Power and Industrial Solutions Ltd.,CGPOWER,500093,GENERAL INDUSTRIALS,HEAVY ELECTRICAL EQUIPMENT,2019.0,1692.9,308.6,15.42,22.9,0.4,329.9,86.2,242.3,1.6,11.0,7.2
Laxmi Organic Industries Ltd.,LXCHEM,543277,CHEMICALS & PETROCHEMICALS,SPECIALTY CHEMICALS,660.5,613.3,38.9,5.97,27.5,2.1,17.5,6.8,10.7,0.4,100.6,3.8
Anupam Rasayan India Ltd.,ANURAS,543275,CHEMICALS & PETROCHEMICALS,AGROCHEMICALS,395.6,284.7,107.5,27.41,19.8,20.4,70.7,22.0,40.7,3.8,178.9,16.6
Kalyan Jewellers India Ltd.,KALYANKJIL,ASM,TEXTILES APPARELS & ACCESSORIES,GEMS & JEWELLERY,4427.7,4100.9,313.7,7.11,66.9,81.7,178.1,43.3,135.2,1.3,497.9,4.8
Jubilant Pharmova Ltd.,JUBLPHARMA,530019,PHARMACEUTICALS & BIOTECHNOLOGY,PHARMACEUTICALS,1690.2,1438.5,241.8,14.39,96.6,66.1,89.0,35.9,62.5,3.9,-44.6,-2.8
Indigo Paints Ltd.,INDIGOPNTS,543258,DIVERSIFIED CONSUMER SERVICES,FURNITURE-FURNISHING-PAINTS,273.4,228.7,41.8,15.45,10.0,0.5,34.3,8.2,26.1,5.5,132.4,27.8
Indian Railway Finance Corporation Ltd.,IRFC,543257,BANKING AND FINANCE,FINANCE (INCLUDING NBFCS),6767.5,33.5,6732.4,99.5,2.1,5181.5,1549.9,0.0,1549.9,1.2,6067.6,4.6
Mastek Ltd.,MASTEK,523704,SOFTWARE & SERVICES,IT CONSULTING & SOFTWARE,770.4,642.5,123.0,16.07,20.9,12.6,90.3,25.0,62.8,20.5,269.7,88.0
Equitas Small Finance Bank Ltd.,EQUITASBNK,543243,BANKING AND FINANCE,BANKS,1540.4,616.8,330.2,24.3,0.0,593.4,267.0,68.9,198.1,1.8,749.5,6.7
Tata Teleservices (Maharashtra) Ltd.,TTML,532371,TELECOM SERVICES,TELECOM SERVICES,288.6,159.3,127.5,44.45,36.3,403.2,-310.2,0.0,-310.2,-1.6,-1168.3,-6.0
Praj Industries Ltd.,PRAJIND,522205,GENERAL INDUSTRIALS,INDUSTRIAL MACHINERY,893.3,798.4,84.0,9.52,9.1,1.0,84.8,22.4,62.4,3.4,271.4,14.8
Nazara Technologies Ltd.,NAZARA,543280,SOFTWARE & SERVICES,INTERNET SOFTWARE & SERVICES,309.5,269.4,26.7,8.98,15.1,2.7,21.2,-1.3,19.8,3.0,60.0,9.1
Jubilant Ingrevia Ltd.,JUBLINGREA,543271,CHEMICALS & PETROCHEMICALS,SPECIALTY CHEMICALS,1028.5,902.3,117.7,11.54,33.9,12.5,79.8,22.4,57.5,3.6,258.9,16.4
Sona BLW Precision Forgings Ltd.,SONACOMS,543300,AUTOMOBILES & AUTO COMPONENTS,AUTO PARTS & EQUIPMENT,796.9,567.5,223.3,28.24,53.4,6.0,164.1,40.1,123.8,2.1,462.8,7.9
Chemplast Sanmar Ltd.,CHEMPLASTS,543336,CHEMICALS & PETROCHEMICALS,SPECIALTY CHEMICALS,1025.0,941.8,46.0,4.65,35.3,38.6,9.2,-16.8,26.1,1.6,35.3,2.2
Aptus Value Housing Finance India Ltd.,APTUS,543335,BANKING AND FINANCE,HOUSING FINANCE,344.5,50.6,277.5,83.18,2.6,96.1,189.6,41.5,148.0,3.0,551.1,11.1
Clean Science & Technology Ltd.,CLEAN,543318,CHEMICALS & PETROCHEMICALS,SPECIALTY CHEMICALS,187.1,106.3,74.8,41.32,11.1,0.3,69.5,17.3,52.2,4.9,275.5,25.9
Medplus Health Services Ltd.,MEDPLUS,543427,HEALTHCARE EQUIPMENT & SUPPLIES,HEALTHCARE SUPPLIES,1419.0,1323.5,85.1,6.04,55.5,23.5,16.4,1.9,14.6,1.2,58.3,4.9
Nuvoco Vistas Corporation Ltd.,NUVOCO,543334,CEMENT AND CONSTRUCTION,CEMENT & CEMENT PRODUCTS,2578.9,2243.0,329.9,12.82,225.6,139.9,-29.6,-31.1,1.5,0.0,141.8,4.0
Star Health and Allied Insurance Company Ltd.,STARHEALTH,543412,BANKING AND FINANCE,GENERAL INSURANCE,3463.2,3295.8,165.7,4.79,0.0,0.0,167.1,41.8,125.3,2.1,725.4,12.4
Go Fashion (India) Ltd.,GOCOLORS,543401,TEXTILES APPARELS & ACCESSORIES,OTHER APPARELS & ACCESSORIES,192.8,132.2,56.6,29.98,25.8,8.9,25.8,5.7,20.0,3.7,85.4,15.8
PB Fintech Ltd.,POLICYBZR,543390,SOFTWARE & SERVICES,INTERNET SOFTWARE & SERVICES,909.1,900.7,-89.1,-10.98,22.3,7.2,-21.1,-0.3,-20.2,-0.5,-127.9,-2.8
FSN E-Commerce Ventures Ltd.,NYKAA,543384,SOFTWARE & SERVICES,INTERNET & CATALOGUE RETAIL,1515.6,1426.4,80.6,5.35,54.6,21.3,13.3,4.0,5.8,0.0,19.8,0.1
Krishna Institute of Medical Sciences Ltd.,KIMS,543308,DIVERSIFIED CONSUMER SERVICES,HEALTHCARE FACILITIES,655.4,475.2,177.3,27.17,32.6,8.9,138.6,37.3,92.0,11.5,342.1,42.7
Zomato Ltd.,ZOMATO,543320,SOFTWARE & SERVICES,INTERNET SOFTWARE & SERVICES,306.0,2895.0,-47.0,-1.65,128.0,16.0,21.0,-15.0,36.0,0.0,-496.8,-0.6
Brightcom Group Ltd.,BCG,532368,SOFTWARE & SERVICES,INTERNET SOFTWARE & SERVICES,1690.5,1172.3,518.0,30.65,72.3,0.1,445.8,124.3,321.5,1.6,1415.2,7.0
Shyam Metalics and Energy Ltd.,SHYAMMETL,543299,METALS & MINING,IRON & STEEL/INTERM.PRODUCTS,2978.9,2633.6,307.1,10.44,176.5,35.4,133.4,-348.6,484.1,18.9,1049.9,41.2
G R Infraprojects Ltd.,GRINFRA,543317,CEMENT AND CONSTRUCTION,ROADS & HIGHWAYS,1909.2,1415.7,467.1,24.81,61.7,144.6,287.1,69.9,217.2,22.5,1240.3,128.3
RattanIndia Enterprises Ltd.,RTNINDIA,534597,UTILITIES,ELECTRIC UTILITIES,1618.1,1392.8,1.5,0.11,4.3,28.8,142.2,1.7,140.9,1.0,147.6,1.1
Borosil Renewables Ltd.,BORORENEW,502219,CONSUMER DURABLES,HOUSEWARE,406.3,369.2,32.5,8.09,31.0,9.6,28.9,-1.1,25.1,1.9,32.1,2.5
HLE Glascoat Ltd.,HLEGLAS,522215,GENERAL INDUSTRIALS,INDUSTRIAL MACHINERY,227.8,198.0,26.5,11.79,6.1,5.8,16.1,5.3,10.0,1.6,54.4,8.0
Tata Investment Corporation Ltd.,TATAINVEST,501301,DIVERSIFIED,HOLDING COMPANIES,125.0,10.1,113.8,91.88,0.2,4.7,110.1,-1.3,124.4,24.6,326.1,64.4
Sapphire Foods India Ltd.,SAPPHIRE,543397,HOTELS RESTAURANTS & TOURISM,RESTAURANTS,650.1,527.5,115.1,17.91,76.8,24.5,21.4,6.2,15.3,2.4,208.5,32.7
Devyani International Ltd.,DEVYANI,543330,HOTELS RESTAURANTS & TOURISM,RESTAURANTS,826.0,665.0,154.4,18.84,86.3,41.7,19.0,-16.8,33.4,0.3,177.5,1.5
Vijaya Diagnostic Centre Ltd.,VIJAYA,543350,DIVERSIFIED CONSUMER SERVICES,HEALTHCARE SERVICES,145.6,81.5,57.4,41.31,13.7,5.9,44.6,11.0,33.3,3.3,103.4,10.1
C.E. Info Systems Ltd.,MAPMYINDIA,543425,SOFTWARE & SERVICES,INTERNET SOFTWARE & SERVICES,99.3,50.1,41.0,44.98,3.7,0.7,44.7,11.1,33.0,6.1,122.9,22.7
Latent View Analytics Ltd.,LATENTVIEW,543398,SOFTWARE & SERVICES,DATA PROCESSING SERVICES,172.7,124.9,30.8,19.78,2.3,0.8,44.7,10.6,34.0,1.7,153.6,7.5
Metro Brands Ltd.,METROBRAND,543426,RETAILING,FOOTWEAR,571.9,400.3,155.4,27.96,57.2,19.7,94.7,27.5,66.7,2.5,340.0,12.5
Easy Trip Planners Ltd.,EASEMYTRIP,543272,SOFTWARE & SERVICES,INTERNET SOFTWARE & SERVICES,144.6,76.9,64.8,45.71,1.0,2.0,64.7,17.7,47.2,0.3,146.0,0.8
Shree Renuka Sugars Ltd.,RENUKA,532670,FOOD BEVERAGES & TOBACCO,SUGAR,2564.7,2491.0,63.7,2.49,64.1,216.8,-207.2,-1.6,-204.9,-1.0,-286.0,-1.3
One97 Communications Ltd.,PAYTM,543396,SOFTWARE & SERVICES,INTERNET SOFTWARE & SERVICES,2662.5,2749.6,-231.0,-9.17,180.1,7.0,-279.9,12.7,-290.5,-5.0,-1207.9,-19.0
MTAR Technologies Ltd.,MTARTECH,543270,GENERAL INDUSTRIALS,DEFENCE,167.7,130.7,36.1,21.64,5.8,5.5,25.7,5.2,20.5,6.7,103.3,33.6
Capri Global Capital Ltd.,CGCL,531595,BANKING AND FINANCE,FINANCE (INCLUDING NBFCS),557.4,229.3,304.8,54.7,23.1,195.8,86.0,20.8,65.2,3.2,231.2,11.2
GMR Airports Infrastructure Ltd.,GMRINFRA,ASM,CEMENT AND CONSTRUCTION,CONSTRUCTION & ENGINEERING,2185.0,1336.8,726.7,35.22,373.0,695.8,-252.0,54.9,-91.0,-0.1,-370.9,-0.6
Triveni Engineering & Industries Ltd.,TRIVENI,532356,FOOD BEVERAGES & TOBACCO,SUGAR,1629.7,1554.5,62.9,3.89,25.8,10.2,39.3,10.1,29.1,1.3,434.3,19.8
Delhivery Ltd.,DELHIVERY,543529,TRANSPORTATION,TRANSPORTATION - LOGISTICS,2043.0,1957.3,-15.6,-0.8,171.2,19.6,-105.2,-2.1,-102.9,-1.4,-546.7,-7.5
Life Insurance Corporation of India,LICI,543526,BANKING AND FINANCE,LIFE INSURANCE,202394.9,193612.5,8445.0,4.18,0.0,0.0,8696.5,1083.9,8030.3,12.7,37204.8,58.8
Campus Activewear Ltd.,CAMPUS,543523,RETAILING,FOOTWEAR,259.1,234.2,24.5,9.46,18.1,6.5,0.4,0.1,0.3,0.0,103.1,3.4
Motherson Sumi Wiring India Ltd.,MSUMI,543498,AUTOMOBILES & AUTO COMPONENTS,AUTO PARTS & EQUIPMENT,2110.2,1856.5,248.1,11.79,36.4,7.4,210.0,54.1,155.9,0.3,523.6,1.2
Olectra Greentech Ltd.,OLECTRA,532439,AUTOMOBILES & AUTO COMPONENTS,COMMERCIAL VEHICLES,310.3,266.6,40.5,13.2,8.8,9.7,25.2,8.0,18.6,2.2,78.5,9.6
Patanjali Foods Ltd.,PATANJALI,500368,FMCG,EDIBLE OILS,7845.8,7426.6,395.3,5.05,60.1,24.0,335.1,80.5,254.5,7.0,875.2,24.2
Raymond Ltd.,RAYMOND,500330,TEXTILES APPARELS & ACCESSORIES,TEXTILES,2320.7,1938.8,314.6,13.96,65.4,89.3,204.2,50.7,159.8,24.0,1514.2,227.5
Swan Energy Ltd.,SWANENERGY,503310,REALTY,REALTY,1230.1,966.3,257.0,21.01,27.1,58.3,178.4,12.8,84.6,6.7,308.4,11.7
Samvardhana Motherson International Ltd.,MOTHERSON,517334,AUTOMOBILES & AUTO COMPONENTS,AUTO PARTS & EQUIPMENT,23639.2,21585.0,1888.8,8.05,867.4,487.9,449.5,229.2,201.6,0.3,1910.3,2.8
Vedant Fashions Ltd.,MANYAVAR,543463,RETAILING,SPECIALTY RETAIL,233.4,125.5,92.8,42.51,32.5,10.7,64.8,16.1,48.7,2.0,399.9,16.5
Adani Wilmar Ltd.,AWL,543458,FMCG,EDIBLE OILS,12331.2,12123.5,143.7,1.17,95.7,220.2,-161.8,-31.5,-130.7,-1.0,130.1,1.0
Mahindra Lifespace Developers Ltd.,MAHLIFE,532313,REALTY,REALTY,25.7,52.7,-34.9,-196.45,3.1,0.2,-30.3,-10.8,-18.9,-1.2,10.5,0.7
Tejas Networks Ltd.,TEJASNET,540595,TELECOM SERVICES,OTHER TELECOM SERVICES,413.9,383.0,13.0,3.28,41.7,7.0,-17.7,-5.1,-12.6,-0.7,-61.3,-3.5
Aether Industries Ltd.,AETHER,543534,CHEMICALS & PETROCHEMICALS,SPECIALTY CHEMICALS,178.3,118.2,46.0,28.0,9.7,1.6,48.7,12.1,36.7,2.8,139.1,10.5
JBM Auto Ltd.,JBMA,ASM,AUTOMOBILES & AUTO COMPONENTS,AUTO PARTS & EQUIPMENT,1238.8,1091.3,139.7,11.35,41.2,47.9,58.3,11.3,44.2,3.7,136.8,11.6
Deepak Fertilisers & Petrochemicals Corporation Ltd.,DEEPAKFERT,500645,CHEMICALS & PETROCHEMICALS,COMMODITY CHEMICALS,2443.2,2138.1,286.1,11.8,81.2,107.1,116.8,53.3,60.1,4.8,674.5,53.4
Sharda Cropchem Ltd.,SHARDACROP,538666,CHEMICALS & PETROCHEMICALS,AGROCHEMICALS,604.3,559.6,21.2,3.65,74.0,4.6,-33.8,-6.3,-27.6,-3.1,191.0,21.2
Shoppers Stop Ltd.,SHOPERSTOP,532638,RETAILING,DEPARTMENT STORES,1049.7,878.2,160.9,15.49,108.2,54.9,3.5,0.8,2.7,0.2,94.2,8.6
BEML Ltd.,BEML,500048,AUTOMOBILES & AUTO COMPONENTS,COMMERCIAL VEHICLES,924.0,855.3,61.5,6.7,15.8,10.8,42.2,-9.6,51.8,12.4,200.8,48.2
Lemon Tree Hotels Ltd.,LEMONTREE,541233,HOTELS RESTAURANTS & TOURISM,HOTELS,230.1,125.3,101.9,44.84,22.6,47.3,34.8,8.6,22.6,0.3,130.1,1.6
Rainbow Childrens Medicare Ltd.,RAINBOW,543524,DIVERSIFIED CONSUMER SERVICES,HEALTHCARE FACILITIES,340.5,215.1,117.6,35.34,26.8,13.3,85.2,22.1,62.9,6.2,215.4,21.2
UCO Bank,UCOBANK,532505,BANKING AND FINANCE,BANKS,5865.6,1581.5,981.9,18.81,0.0,3302.3,639.8,238.1,403.5,0.3,184.0,1.5
Piramal Pharma Ltd.,PPLPHARMA,543635,PHARMACEUTICALS & BIOTECHNOLOGY,PHARMACEUTICALS,1960.6,1645.7,265.6,13.9,184.5,109.9,20.4,34.5,5.0,0.0,-133.6,-1.0
KSB Ltd.,KSB,500249,GENERAL INDUSTRIALS,INDUSTRIAL MACHINERY,572.2,493.4,70.3,12.47,12.3,2.0,64.5,17.1,50.1,14.4,209.7,60.3
Data Patterns (India) Ltd.,DATAPATTNS,543428,GENERAL INDUSTRIALS,DEFENCE,119.2,67.5,40.8,37.63,3.1,2.3,46.3,12.5,33.8,6.0,148.3,26.5
Global Health Ltd.,MEDANTA,543654,DIVERSIFIED CONSUMER SERVICES,HEALTHCARE FACILITIES,864.7,631.1,212.9,25.22,42.9,20.1,170.6,45.4,125.2,4.7,408.9,15.2
Aarti Industries Ltd.,AARTIIND,524208,CHEMICALS & PETROCHEMICALS,SPECIALTY CHEMICALS,1454.0,1221.2,232.8,16.01,93.0,58.2,81.6,-9.1,90.7,2.5,446.2,12.3
BLS International Services Ltd.,BLS,540073,DIVERSIFIED CONSUMER SERVICES,TRAVEL SUPPORT SERVICES,416.4,321.0,86.7,21.27,7.3,1.0,87.2,5.2,78.7,1.9,267.6,6.5
Archean Chemical Industries Ltd.,ACI,543657,CHEMICALS & PETROCHEMICALS,COMMODITY CHEMICALS,301.7,195.0,95.5,32.86,17.5,1.9,87.3,21.3,66.0,5.4,394.4,32.1
Adani Power Ltd.,ADANIPOWER,ASM,UTILITIES,ELECTRIC UTILITIES,14935.7,7819.2,5171.4,39.81,1004.5,888.4,5223.6,-1370.6,6594.2,16.5,20604.8,53.4
Craftsman Automation Ltd.,CRAFTSMAN,543276,AUTOMOBILES & AUTO COMPONENTS,AUTO PARTS & EQUIPMENT,1183.8,941.6,237.5,20.14,66.8,41.6,133.8,29.6,94.5,44.1,298.3,141.2
NMDC Ltd.,NMDC,526371,METALS & MINING,MINING,4335.0,2823.6,1190.4,29.66,88.8,18.6,1404.1,379.0,1026.2,3.5,5862.2,20.0
Epigral Ltd.,EPIGRAL,543332,CHEMICALS & PETROCHEMICALS,SPECIALTY CHEMICALS,479.1,370.2,107.9,22.57,31.5,21.3,56.1,17.9,38.0,9.1,223.4,53.8
Apar Industries Ltd.,APARINDS,532259,CONSUMER DURABLES,OTHER ELECTRICAL EQUIPMENT/PRODUCTS,3944.7,3576.2,349.8,8.91,28.2,103.1,237.3,62.9,173.9,45.4,783.9,204.8
Bikaji Foods International Ltd.,BIKAJI,543653,FMCG,PACKAGED FOODS,614.7,521.0,87.7,14.41,15.6,2.9,75.2,15.4,61.2,2.5,173.6,6.9
Five-Star Business Finance Ltd.,FIVESTAR,543663,BANKING AND FINANCE,FINANCE (INCLUDING NBFCS),522.4,133.2,375.0,72.28,5.7,105.9,267.0,67.6,199.4,6.8,703.0,24.1
Ingersoll-Rand (India) Ltd.,INGERRAND,500210,GENERAL INDUSTRIALS,INDUSTRIAL MACHINERY,282.8,210.7,65.7,23.76,4.6,0.6,67.0,17.2,49.7,15.8,218.5,69.2
KFIN Technologies Ltd.,KFINTECH,543720,BANKING AND FINANCE,OTHER FINANCIAL SERVICES,215.3,115.3,93.7,44.82,12.6,3.2,84.2,22.3,61.4,3.6,215.1,12.6
Piramal Enterprises Ltd.,PEL,500302,BANKING AND FINANCE,FINANCE (INCLUDING NBFCS),2205.2,1320.1,1117.9,50.97,38.3,1038.9,-11.8,10.7,48.2,2.0,3906.5,173.9
NMDC Steel Ltd.,NSLNISP,543768,METALS & MINING,IRON & STEEL/INTERM.PRODUCTS,290.3,349.6,-72.2,-26.04,74.5,40.8,-174.7,-43.6,-131.1,-0.5,,
Eris Lifesciences Ltd.,ERIS,540596,PHARMACEUTICALS & BIOTECHNOLOGY,PHARMACEUTICALS,508.8,324.2,181.1,35.85,42.1,16.3,126.2,3.9,123.4,9.1,385.6,28.3
Mankind Pharma Ltd.,MANKIND,543904,PHARMACEUTICALS & BIOTECHNOLOGY,PHARMACEUTICALS,2768.1,2025.5,682.6,25.21,96.5,8.6,637.5,129.8,501.0,12.5,1564.8,39.1
Kaynes Technology India Ltd.,KAYNES,ASM,CONSUMER DURABLES,OTHER ELECTRICAL EQUIPMENT/PRODUCTS,369.8,312.1,48.8,13.52,6.5,11.8,39.4,7.1,32.3,5.5,143.2,24.6
Safari Industries (India) Ltd.,SAFARI,523025,TEXTILES APPARELS & ACCESSORIES,OTHER APPARELS & ACCESSORIES,372.9,306.6,63.5,17.15,12.2,2.2,51.9,12.1,39.8,16.7,162.3,68.2
Saregama India Ltd.,SAREGAMA,532163,MEDIA,MOVIES & ENTERTAINMENT,185.6,111.5,60.9,35.32,8.2,0.2,65.6,17.6,48.1,2.5,193.4,10.0
Syrma SGS Technology Ltd.,SYRMA,543573,CONSUMER DURABLES,OTHER ELECTRICAL EQUIPMENT/PRODUCTS,720.6,662.7,49.0,6.88,11.6,8.0,37.0,6.4,28.3,1.6,132.4,7.5
Jindal Saw Ltd.,JINDALSAW,ASM,GENERAL INDUSTRIALS,OTHER INDUSTRIAL PRODUCTS,5488.9,4662.0,804.2,14.71,142.5,188.7,495.6,139.6,375.7,11.8,1135.8,35.5
Godawari Power & Ispat Ltd.,GPIL,532734,METALS & MINING,IRON & STEEL/INTERM.PRODUCTS,1314.2,929.6,361.4,28.0,34.8,10.2,339.6,86.1,256.9,20.6,785.5,63.0
Gillette India Ltd.,GILLETTE,507815,FMCG,PERSONAL PRODUCTS,676.2,530.8,136.7,20.48,20.1,0.1,125.2,32.5,92.7,28.4,361.6,111.0
Symphony Ltd.,SYMPHONY,517385,CONSUMER DURABLES,CONSUMER ELECTRONICS,286.0,234.0,41.0,14.91,7.0,2.0,43.0,8.0,35.0,5.1,114.0,16.5
Glenmark Life Sciences Ltd.,GLS,543322,PHARMACEUTICALS & BIOTECHNOLOGY,PHARMACEUTICALS,600.7,428.3,167.1,28.06,13.1,0.4,158.9,40.2,118.7,9.7,505.5,41.3
Usha Martin Ltd.,USHAMART,517146,METALS & MINING,IRON & STEEL PRODUCTS,806.0,640.4,144.3,18.39,18.0,6.4,141.2,35.0,109.5,3.6,399.4,13.1
Ircon International Ltd.,IRCON,541956,CEMENT AND CONSTRUCTION,CONSTRUCTION & ENGINEERING,3136.3,2771.2,215.7,7.22,27.1,36.9,301.2,77.6,250.7,2.7,884.6,9.4
Ujjivan Small Finance Bank Ltd.,UJJIVANSFB,542904,BANKING AND FINANCE,BANKS,1579.8,528.6,483.4,34.75,0.0,567.8,436.4,108.7,327.7,1.7,1254.5,6.4
Procter & Gamble Health Ltd.,PGHL,500126,PHARMACEUTICALS & BIOTECHNOLOGY,PHARMACEUTICALS,311.0,216.3,88.7,29.08,6.5,0.2,88.0,22.5,65.6,39.5,231.4,139.4
Allcargo Logistics Ltd.,ALLCARGO,532749,TRANSPORTATION,TRANSPORTATION - LOGISTICS,3336.3,3188.8,118.0,3.57,106.7,36.7,14.2,1.3,21.8,0.9,361.9,14.7
Sheela Foam Ltd.,SFL,540203,DIVERSIFIED CONSUMER SERVICES,FURNITURE-FURNISHING-PAINTS,637.6,547.0,66.2,10.8,21.9,8.6,60.2,15.6,44.0,4.5,192.4,17.7
Alok Industries Ltd.,ALOKINDS,521070,TEXTILES APPARELS & ACCESSORIES,TEXTILES,1369.3,1323.1,35.9,2.64,78.6,142.2,-174.6,0.0,-174.8,-0.3,-948.4,-1.9
Minda Corporation Ltd.,MINDACORP,538962,AUTOMOBILES & AUTO COMPONENTS,AUTO PARTS & EQUIPMENT,1197.9,1064.5,131.3,10.98,41.4,14.9,77.0,18.7,58.8,2.5,278.2,11.6
Concord Biotech Ltd.,CONCORDBIO,543960,PHARMACEUTICALS & BIOTECHNOLOGY,BIOTECHNOLOGY,270.5,143.2,119.2,45.43,13.3,0.8,113.2,28.7,81.0,7.7,,
